population,suicides/100kpop,gdp_for_year($),gdp_per_capita($),suicides_no
2709600,31.849999999999998,2156624900,796,73
2764300,32.46,2126000000,769,63
2803100,33.4,2335124988,833,68
2822500,18.000000000000004,709452584,251,47
2807300,32.56,1228071038,437,73
2849300,32.18000000000001,1985673798,697,50
2903400,40.550000000000004,2424499009,835,88
2940200,43.62,3314898292,1127,89
2977300,77.43,2359903108,793,170
3012700,66.52,2707123772,899,154
3029700,69.81,3414760915,1127,139
2796300,30.699999999999996,3632043908,1299,54
2799349,50.61999999999999,4060758804,1451,119
2818839,62.510000000000005,4435078648,1573,133
2843929,58.60000000000001,5746945913,2021,124
2874991,65.39,7314865176,2544,146
2783320,0.0,8158548717,2931,0
2780176,0.0,8992642349,3235,0
2770344,65.85,10701011897,3863,124
2757059,71.05000000000001,12881352688,4672,160
2745735,0.0,12044212904,4387,0
2736025,41.66,11926953259,4359,96
62574,0.0,240923926,3850,0
61270,0.0,290440148,4740,0
60261,0.0,337174852,5595,0
59564,0.0,398637741,6693,0
59238,0.0,438794778,7407,0
59334,17.24,459469074,7744,1
60394,0.0,481706333,7976,0
61741,0.0,499281148,8087,0
63315,15.0,535172778,8453,1
65044,0.0,589429593,9062,0
66846,0.0,577280741,8636,0
72225,0.0,727860593,10078,0
73832,0.0,766198926,10378,0
75326,39.97,830158778,11021,2
76497,19.45,800740259,10468,2
77588,0.0,814615333,10499,0
78658,27.82,855643111,10878,1
79722,36.06,919577148,11535,2
80809,0.0,1022191296,12649,0
81973,0.0,1157005444,14114,0
83131,7.98,1311401333,15775,1
84273,0.0,1368431037,16238,0
85405,0.0,1224253000,14335,0
88703,0.0,1211411704,13657,0
89779,0.0,1192925407,13287,0
90837,0.0,1280133333,14093,0
91889,15.62,1364863037,14853,1
27090800,134.47000000000003,88416668900,3264,1988
27244400,152.90000000000003,110934442763,4072,2284
27599400,144.98,111106191358,4026,2286
28308000,146.24,126206817196,4458,2354
28702000,138.93,76636898036,2670,2247
29091100,134.89999999999998,141352368715,4859,2140
29623000,119.23999999999998,189719984268,6404,1951
30045400,126.86000000000003,228788617202,7615,2184
30477500,134.77,236741715015,7768,2230
30911200,122.05,257440000000,8328,2241
31345400,119.97,258031750000,8232,2204
31780700,118.03,272149750000,8563,2229
32333781,111.39999999999998,292859000000,9057,2184
32757259,116.92999999999998,298948250000,9126,2347
33174862,117.19,283523000000,8546,2423
33585533,131.39,284203750000,8462,2774
34010946,143.55999999999997,268696750000,7900,3132
34407507,139.42,97724004252,2840,3162
34785907,146.29,127586973492,3668,3289
35162945,131.05999999999997,164657930453,4683,3121
35550617,128.18,198737095012,5590,3058
35918886,128.21999999999997,232557260817,6475,3108
36315492,118.35000000000004,287530508431,7918,2946
36733520,118.10999999999999,361558037110,9843,3059
37158001,107.32000000000001,332976484578,8961,2884
37578454,111.24000000000001,423627422092,11273,2943
38015739,105.86999999999998,530163281575,13946,2912
38441778,119.81999999999998,545982375701,14203,3248
38859125,103.42,552025140252,14206,2987
39276555,111.35,526319673732,13400,3231
39699624,112.13000000000001,594749285413,14981,3073
2983700,41.12,2256838858,756,93
3230800,45.87000000000001,2068526522,640,80
3308700,40.86000000000001,1272577456,385,83
3366600,51.050000000000004,1201313201,357,106
3402500,66.73,1315158670,387,112
3443200,51.78999999999999,1468317350,426,130
3486300,37.050000000000004,1596968913,458,87
3526700,32.23,1639492424,465,77
3558000,27.419999999999998,1893726437,532,66
3580700,24.68,1845482181,515,67
3606500,34.300000000000004,1911563665,530,61
3610516,29.78,2118467913,587,60
3014844,38.070000000000014,2376335048,788,74
3024366,33.43000000000001,2807061009,928,59
2764396,43.67,6384451606,2310,78
2735313,39.019999999999996,9206301700,3366,71
3045391,35.15,11662040714,3829,63
2689695,33.7,8647936748,3215,53
2676225,40.41000000000001,9260284938,3460,73
2670366,32.980000000000004,10142111334,3798,67
2814300,36.57000000000001,10619320049,3773,79
2810664,37.480000000000004,11121465767,3957,67
2803029,37.00999999999999,11609512940,4142,58
2795335,45.28,10553337673,3775,74
2400033,40.56000000000001,10546135160,3788,67
73581,308.51,1320670391,17949,8
81934,115.47000000000001,1722798883,21027,9
83888,305.33,1873452514,22333,10
86045,27.28,1920262570,22317,4
88284,126.46000000000002,1941094972,21987,9
90457,12.93,2021301676,22345,2
92335,176.71999999999997,2228279330,24133,8
93728,99.57999999999998,2331005587,24870,10
94508,96.31,2421474860,25622,9
94814,92.19000000000001,2623726257,27672,8
94814,41.440000000000005,2791960894,29447,4
94795,42.230000000000004,2498932961,26361,4
95006,58.65,2467703911,25974,7
95488,93.42,2584463687,27066,9
14562500,163.41,180190994861,12374,1861
14809800,175.79000000000002,181977476217,12288,2044
15046500,188.82000000000005,189041159344,12564,2164
15312100,179.32,235699941793,15393,2172
15570600,168.11,299317645143,19223,2066
15807000,172.34999999999997,310838014621,19665,2202
16012100,180.15000000000003,325358292128,20320,2288
16203500,170.64000000000004,324878105053,20050,2251
16370000,154.94999999999996,311528948848,19030,2038
16549400,167.75,322201314424,19469,2283
16766300,155.19,367216364716,21902,2170
17015100,175.33999999999997,400302731411,23526,2426
17221300,186.93000000000006,434568007513,25234,2646
17421730,176.41000000000003,398899138574,22897,2632
17641702,167.14999999999998,388395162301,22016,2488
17874410,157.82000000000005,415034227218,23219,2391
18130883,158.79000000000002,378215090694,20860,2458
18370058,144.68,394486709920,21474,2319
18608029,133.84,466294700058,25059,2156
18854551,133.76000000000002,611904253806,32454,2114
19109246,127.89000000000001,745521862833,39014,2117
19734430,130.25,851962785585,43171,2229
20120312,130.48999999999998,1052584601611,52315,2341
20529317,130.12,926448240318,45128,2337
20847547,132.64000000000001,1144260547873,54887,2420
20881910,133.21999999999997,1394280784778,66770,2392
21238909,139.57,1543411012580,72669,2580
21600180,138.78,1573696522007,72856,2608
21927587,149.07,1464955475994,66809,2891
22240785,154.18000000000004,1349034029453,60656,3027
7110115,384.81,69386774475,9759,2091
7119149,401.79999999999995,99036165210,13911,2139
7130006,405.88,124168442860,17415,2069
7144410,357.64,133339397080,18663,1851
7177666,359.32,133105805928,18544,1898
7231353,353.78,166463386663,23020,1825
7299728,355.4700000000001,173794177725,23808,1769
7375368,341.74000000000007,195078126346,26450,1759
7433569,347.9599999999999,190379720927,25611,1704
7462552,343.61999999999995,203535242742,27274,1776
7477030,348.0899999999999,241038283063,32237,1788
7493706,342.65,237250948791,31660,1779
7512589,297.5000000000001,212790348405,28325,1592
7533519,289.38,218259904402,28972,1559
7561609,280.3,217185787343,28722,1555
7592073,289.77,196799778883,25922,1588
7634560,261.90999999999997,197337879195,25848,1489
7683162,276.92,213377771504,27772,1553
7722033,257.06,261695778781,33889,1456
7773105,254.04,300904221505,38711,1422
7827461,235.24999999999997,315974418605,40367,1399
7869269,218.89999999999995,335998557270,42698,1297
7897272,217.31,388691445387,49218,1285
7925258,216.45000000000002,430294287388,54294,1267
7946894,213.22,400172297861,50356,1278
7968421,207.55000000000004,391892746545,49181,1264
7995146,211.49,431120310089,53923,1288
8031276,206.63,409425234155,50979,1276
8079615,212.12,430068712972,53229,1291
8141165,209.81999999999996,441885415806,54278,1314
8219386,194.62,382065930308,46484,1251
7484629,183.23,390799991147,46976,1201
6156800,24.609999999999996,8858006036,1439,114
6290600,32.230000000000004,8792365811,1398,134
6370400,34.78000000000001,4991350458,784,144
6442600,31.519999999999996,3973027397,617,119
6521200,12.040000000000001,3313739674,508,47
6605900,14.280000000000001,3052467522,462,49
6668100,17.830000000000002,3176749593,476,69
6711200,18.59,3962710163,590,107
7044400,10.669999999999998,4446396218,631,56
7106400,8.58,4581222442,645,54
7415250,14.410000000000002,5272617196,711,62
7518000,60.050000000000004,5707720391,759,317
7605700,19.419999999999998,6235795104,820,92
7674400,27.07,7276013032,948,129
7738250,18.33,8680472169,1122,108
7921100,11.830000000000002,33050343783,4172,55
203700,4.76,2320699900,11393,1
220900,13.59,2713999900,12286,3
243500,37.51,3092000000,12698,7
249300,10.6,3259000000,13073,3
254500,7.16,3429000000,13473,2
252438,9.82,3609000000,14297,3
255956,7.15,6332360000,24740,2
260125,11.09,6833220000,26269,3
264791,22.959999999999997,7683870000,29019,6
269738,40.660000000000004,8076470000,29942,11
276140,2.68,8317830000,30122,1
282555,9.969999999999999,8881160000,31432,3
288888,2.49,8870090000,30704,1
295237,5.93,9055290000,30671,2
301763,13.32,9836200000,32596,4
308499,5.640000000000001,10167250000,32957,2
314989,13.420000000000002,10618340000,33710,5
321447,12.490000000000002,10526000000,32746,4
327813,15.98,9981960000,30450,6
333869,58.32,10095760000,30239,10
338383,12.989999999999998,10070450000,29761,4
343558,11.84,10720500000,31204,5
348959,13.91,10627600000,30455,5
365900,20.119999999999997,3651861702,9980,11
363900,25.680000000000003,3392021011,9321,9
389700,24.8,3702393617,9501,14
529754,0.0,6349202394,11985,0
546008,0.0,6183776596,11325,0
565762,22.459999999999997,6621010372,11703,17
590594,32.73,9062906915,15345,29
624083,30.659999999999993,8976207713,14383,23
661010,27.68,9632155053,14572,25
702913,32.39,11074822074,15756,34
751559,54.21000000000001,13150166755,17497,42
819540,40.22,15968726862,19485,42
888543,27.18,18505053191,20826,28
964770,32.09,21730000000,22524,40
1024110,27.89,25710877660,25106,43
1092922,24.59,22938218085,20988,36
1139160,11.89,25713271277,22572,19
1103462,14.96,28776595745,26078,18
1201778,8.68,30749308511,25587,19
1214492,2.49,32539547872,26793,5
1213966,6.5200000000000005,33387712766,27503,9
231000,61.72,1417575550,6137,7
231600,36.73,1556321742,6720,8
233700,29.46,1713771321,7333,6
234800,57.39,1822815594,7763,12
236000,73.58,2015731029,8541,16
237000,121.22999999999999,2023318252,8537,16
237000,76.92999999999999,2007109829,8469,17
240000,63.53000000000001,1950900000,8129,14
239600,90.93,2046189032,8540,16
240300,67.08,2151295182,8953,14
241200,72.28999999999999,2261969870,9378,17
251133,37.13,3121500000,12430,10
252406,8.65,3116650000,12348,2
253353,0.0,3169600000,12511,0
254122,0.0,3274850000,12887,0
254925,7.79,3514350000,13786,3
255889,2.58,3897300000,15230,1
256883,45.38,4246600000,16531,9
258083,0.0,4523750000,17528,0
259414,2.31,4607300000,17760,1
260718,28.799999999999997,4434050000,17007,5
261927,7.62,4461650000,17034,3
263203,0.0,4660900000,17708,0
264270,0.0,4656350000,17620,0
265165,0.0,4612500000,17395,0
9408800,274.37,21650000000,2301,2085
9476200,297.64000000000004,18000000000,1899,2169
9570900,314.24000000000007,17037037037,1780,2424
9641100,365.11,16280991736,1689,2885
9653900,403.58,14932024169,1547,3153
9673600,404.00999999999993,13972676841,1444,3203
9684800,455.7099999999999,14756846154,1524,3627
9692100,446.49999999999994,14128408566,1458,3526
9694800,455.64,15222012660,1570,3556
9563200,450.36,12138486532,1269,3397
9543479,447.3,12736856828,1335,3483
9513587,419.6500000000001,12354820144,1299,3303
9469234,410.99999999999994,14594249023,1541,3291
9420691,444.86,17827791321,1892,3456
9244456,355.89000000000004,45277399814,4898,2659
9205746,352.15999999999997,60763483146,6601,2658
9169969,375.53999999999996,49209523810,5366,2743
8981193,331.97999999999996,57222490769,6371,2459
8947320,299.36,61757788945,6902,2172
8910240,273.32,75527984234,8477,1902
8906977,252.90999999999997,78813839984,8849,1741
9269600,332.04,86730038793,9356,2281
9287100,314.69,120661220336,12992,2202
9291300,327.76,150194077688,16165,2238
9319300,283.79999999999995,163167853538,17509,1996
9349200,284.8499999999999,165100094595,17659,1920
9369700,277.10999999999996,206430841502,22032,1895
9396600,264.02,211637816539,22523,1805
9428100,265.88,236038384442,25036,1878
9462900,300.46999999999997,225924679921,23875,2142
9497400,300.40000000000003,246194938751,25922,2131
9527100,285.90000000000003,289567323481,30394,2155
9557545,267.54,281358175896,29438,2013
9576223,284.73999999999995,254813599459,26609,2146
9620997,264.73999999999995,260601911536,27087,2019
9648277,230.70000000000002,260202429150,26969,1857
9674025,267.8,237904919845,24592,2143
9710055,261.22,237841968680,24494,2165
9758570,247.85999999999999,258860436665,26526,2076
9804122,248.72999999999996,319002821670,32538,2091
9848022,231.06000000000003,370885026074,37661,1987
9901014,231.75000000000003,387365750529,39124,2029
9962702,214.89999999999998,409813197842,41135,1935
10030266,208.56999999999996,471821105940,47040,1857
10100850,221.54000000000002,518625897173,51345,1999
10173366,218.35000000000002,484552792442,47630,2013
10211171,220.18,483548031197,47355,2013
10355126,226.70999999999998,527008453887,50893,2088
10442637,217.13,497884216569,47678,2026
10526149,201.55000000000004,520925468953,49489,1895
10578848,201.85000000000002,530770977634,50173,1899
10624356,196.66,455039563133,42830,1867
146800,19.369999999999997,227850000,1552,3
144069,31.41,276550000,1920,4
153088,5.16,363150000,2372,1
158000,29.7,413050000,2614,3
162200,23.93,444720750,2742,2
170800,6.49,559858250,3278,1
170874,164.73000000000002,580863700,3399,8
180500,143.96999999999997,620140400,3436,14
180926,61.290000000000006,641383800,3545,8
187650,5.77,654314350,3487,1
195108,81.77999999999999,688992450,3531,12
202699,83.71999999999998,732732350,3615,18
210109,160.80000000000004,832072450,3960,18
217279,151.7,871860600,4013,19
224136,69.62,932551850,4161,14
230890,59.00000000000001,990374050,4289,12
237791,117.38,1057845500,4449,20
245020,46.1,1114222550,4547,12
252826,37.92000000000001,1217467600,4815,11
260667,78.49,1290573400,4951,8
268487,86.36000000000001,1368625150,5098,11
276189,57.76,1336957250,4841,15
283796,61.47999999999999,1397113450,4923,15
291662,153.3,1487005600,5098,33
298946,73.44999999999999,1573670250,5264,18
305888,56.400000000000006,1612573850,5272,17
312780,90.95,1703951050,5448,24
319835,135.46,1778567600,5561,26
3673312,1.31,18644723861,5076,5
3654169,109.5,18558343508,5079,313
117478900,59.18,222942790435,1898,4228
118776400,57.16000000000001,268137224730,2257,4271
122822467,70.11999999999999,294084112393,2394,4672
125701294,65.36000000000001,330397381998,2628,4466
128570308,64.02,425595310000,3310,4463
131387553,67.05999999999999,461951782000,3516,4803
134281850,68.34000000000002,602860000000,4490,5156
137007021,64.92,400599250000,2924,5207
139615477,67.86,437798577640,3136,5508
142188450,71.51,558111997497,3925,5896
144783591,75.23999999999998,769305386183,5313,6536
147353130,73.33,850426432992,5771,6698
149932627,76.80000000000001,883199625325,5891,6891
152524311,75.05,863723411633,5663,6922
155122073,67.64999999999999,599388579986,3864,6507
157715991,68.22999999999999,655420645477,4156,6763
160178796,73.49000000000001,559372276082,3492,7710
162761414,69.77,507962487700,3121,7697
165396911,68.07000000000001,558319920832,3376,7839
167993068,70.22,669316654017,3984,7995
170483960,73.60000000000001,891630175813,5230,8529
172974722,69.89999999999999,1107640297890,6403,8618
175293192,71.67999999999999,1397084345950,7970,8855
177471632,72.21000000000001,1695824571927,9555,9184
179569551,70.37,1667019780934,9283,9346
181629712,72.73,2208871646203,12161,9429
183656441,72.41000000000001,2616201578192,14245,9822
185591215,74.45000000000002,2465188674415,13283,10295
187458852,73.41000000000001,2472806919902,13191,10513
189285554,73.13000000000001,2455993625159,12975,10631
191087085,77.45,1802214373741,9431,11163
8392500,303.11999999999995,17155421053,2044,1456
8391500,275.48,20249294118,2413,1408
8375400,308.3999999999999,28101000000,3355,1492
8389800,292.49000000000007,22555941176,2688,1452
8403200,292.19,21988444444,2617,1460
8418500,256.43,20632090909,2451,1323
8431900,268.94,10943548387,1298,1384
8041500,310.5999999999999,10350515464,1287,1519
8001000,278.36000000000007,10829710145,1354,1470
7995500,288.39,9697416974,1213,1464
7983900,277.85,13063422619,1636,1433
7963300,296.20000000000005,10109612142,1270,1526
7933900,276.36,11195612105,1411,1465
7899500,304.61,14630992956,1852,1503
7866600,250.70999999999998,13495075366,1715,1307
7829095,259.22,13153016531,1680,1383
7591926,244.62,14075616789,1854,1314
7544410,247.35,16276456428,2157,1317
7493166,207.65,20982685981,2800,1092
7447563,184.11999999999998,25957970922,3485,1013
7404051,178.06,29636617750,4003,982
7358508,186.53,34130122491,4638,977
7312474,173.77,44411476557,6073,902
7267511,170.34,54409138498,7487,939
7219817,154.42,51884481410,7186,868
7162740,158.25000000000006,50610058210,7066,859
7056527,133.51999999999998,57418414504,8137,763
6959652,164.17,53903022339,7745,872
6920644,134.16000000000003,55758754072,8057,721
6883874,139.77,56731990232,8241,724
452179,133.84,1864824081,4124,42
23499900,166.46,364756499451,15522,3258
23499100,190.10999999999999,377437927312,16062,3670
23798100,179.32999999999998,431316742081,18124,3591
24080600,175.38,507354351182,21069,3510
24368400,170.98,565055743243,23188,3491
24704400,165.01999999999995,593929550908,24041,3378
25390400,167.78000000000003,610328183643,24038,3593
26454400,163.6,592387689253,22393,3708
26944700,164.01999999999998,577170761956,21421,3803
27246000,161.91000000000003,578139279438,21219,3748
27618500,163.52,604031623433,21871,3968
27706600,162.89000000000001,628546387972,22686,3941
28085100,151.43000000000004,652825364726,23245,3681
28372536,150.12,631813279407,22268,3699
28681643,158.44000000000003,676082654641,23572,4074
29008565,139.00000000000003,742293448253,25589,3606
29262055,137.43,736379777893,25165,3694
29642114,137.73000000000002,757950678647,25570,3650
29958833,137.27,892380986368,29787,3765
30283966,131.66,1023196003075,33787,3613
30597090,133.84,1169357979865,38218,3743
30902962,126.42999999999999,1315415197461,42566,3512
31242631,127.45,1464977190206,46890,3611
31588641,127.59,1549131208997,49041,3705
31937357,130.66999999999996,1371153004986,42933,3890
32286140,132.67000000000002,1613464422811,49974,3951
32615418,125.02000000000001,1788647906048,54841,3728
32961196,127.87999999999998,1824288757448,55347,3926
33314836,133.09,1842628005830,55310,4054
10675400,108.91000000000003,17702885394,1658,683
10931700,90.94,18891048819,1728,654
11209000,89.42,22255407685,1985,693
11306000,94.89999999999999,26040229793,2303,697
11501000,100.44,29885685143,2599,725
11709000,91.86,33113887818,2828,743
11871000,98.83000000000003,37834793730,3187,787
12125000,78.88,45964327559,3791,658
12306400,103.18000000000002,49297773130,4006,740
12526600,95.33999999999999,57008425296,4551,801
12897643,108.91,73447063319,5695,930
13125089,95.71000000000001,78039572222,5946,917
13339550,100.13,84952360922,6368,910
13543940,109.77,81577430181,6023,1031
13743882,111.85999999999999,75173794497,5470,1041
13943575,149.18000000000004,77860932152,5584,1473
14139590,147.58,70979923960,5020,1625
14332840,149.28,69736811435,4866,1603
14523758,153.54,75643459840,5208,1654
14710993,155.69,99210392858,6744,1735
14893574,147.43,122964812046,8256,1682
15071596,155.06,154788024806,10270,1795
15245435,150.92000000000002,173605968179,11387,1848
15415661,167.88,179638496279,11653,2088
15584149,174.3,172389498445,11062,2148
15751851,162.87999999999997,218537551220,13874,2001
15910783,160.83999999999997,252251992029,15854,2027
16075247,148.41000000000003,267122320057,16617,1841
16242244,134.52,278384332694,17140,1738
16406867,137.36999999999998,260584090571,15883,1789
16565725,147.68,243999477738,14729,1838
25052400,62.559999999999995,34894411352,1393,1001
25585600,50.11000000000001,34942489684,1366,958
28009432,45.169999999999995,36373307085,1299,951
28649501,50.64,39212550050,1369,912
29289829,41.690000000000005,39540080200,1350,831
29930973,43.42999999999999,40274204595,1346,865
30584178,43.57,41239551378,1348,1010
29615400,49.480000000000004,49279585355,1664,1086
30242200,49.230000000000004,55802538219,1845,1085
30874600,55.949999999999996,81703500846,2646,1198
33090899,49.64,92507279383,2796,1150
33703636,53.17,97160109278,2883,1209
34338825,52.76999999999999,106659508271,3106,1242
34987039,81.67999999999999,98443739941,2814,2052
35629408,84.10000000000001,86186158685,2419,2143
36252342,89.77999999999999,99886577331,2755,2358
36884428,88.26999999999998,98203546156,2662,2412
37478276,81.38,97933391976,2613,2379
38044513,79.85000000000001,94684584163,2489,2269
38604716,84.25,117074863822,3033,2244
39172790,74.84,146566264837,3742,2102
39708676,78.41,162590146096,4095,2177
40275206,74.25000000000003,207416494642,5150,2181
40859129,74.22000000000001,243982437871,5971,2220
41436173,73.83000000000001,233821670544,5643,2249
41989103,67.24000000000001,287018184638,6836,2107
42538305,62.879999999999995,335415156702,7885,2044
43055864,66.45,369659700376,8586,2119
43546298,63.529999999999994,380191881860,8731,2068
44021800,66.62,378195716714,8591,2126
44490427,70.39999999999999,291519591533,6552,2332
2236200,69.46,4796628461,2145,128
2292900,89.84,5477895475,2389,131
2400700,85.56000000000002,5841132962,2433,119
2465200,88.98000000000002,6063759371,2460,138
2556000,84.76999999999998,6866402028,2686,167
2627800,93.27000000000002,7403457319,2817,157
2704000,61.72,7168999428,2651,125
2778400,72.54,8528593084,3070,149
2853700,98.83,9537297507,3342,164
2929100,80.78999999999999,10432619390,3562,162
3135200,79.17999999999999,11513472694,3672,209
3192446,94.86,11618286553,3639,209
3279559,80.63,12552071367,3827,187
3365726,92.09,13617405420,4046,223
3449923,85.06,14195623425,4115,233
3531421,88.28999999999998,14949514585,4233,239
3606850,76.03,15913363335,4412,198
3680372,95.62000000000002,16504795453,4485,275
3751871,115.88,17195867540,4583,315
3820857,100.72000000000001,18529767934,4850,325
3887096,78.73,19952156475,5133,272
3953916,100.83000000000001,22600431878,5716,350
4015241,75.35000000000001,26743874206,6661,270
4072561,72.26999999999998,30612932876,7517,261
4128459,77.37,30562361123,7403,278
4184663,84.35000000000001,37268635287,8906,311
4235514,89.83000000000001,42262697840,9978,316
4290210,80.75999999999999,46473128286,10832,302
4347229,89.25999999999999,49745088112,11443,311
4403674,70.85,50577769838,11485,268
4497400,305.53999999999996,22387561845,4978,929
4220800,334.78999999999996,23678012697,5610,1001
4295100,313.7,23822087053,5546,946
4227900,344.30000000000007,25432144406,6015,1029
4283800,327.28000000000003,23386945597,5459,989
4118000,322.75,21774273832,5288,926
4180633,287.54,23289671102,5571,881
4217300,304.12,26878499206,6373,874
4225600,281.68999999999994,34658113497,8202,865
4229600,302.24,41574530816,9829,871
4235875,269.56999999999994,45416358502,10722,874
4234946,248.21999999999994,50453577898,11914,796
4230855,243.45000000000002,60093222709,14204,775
4225583,265.68999999999994,70481451449,16680,793
4216050,254.29,62703143057,14872,790
4203963,241.97,59829574391,14232,776
4189029,221.10999999999999,62375044443,14890,702
4054296,239.01,56565475275,13952,776
4044457,210.29999999999995,58085856019,14362,692
4030452,222.04,57629518806,14299,722
4001669,229.67999999999998,49425513611,12351,739
3567043,213.55999999999997,51338524831,12905,683
9915600,369.71,22085858243,2227,2299
10004200,392.92999999999995,22367254865,2236,2374
10089300,363.31,28448326757,2820,2278
10168400,352.76000000000005,30429803651,2993,2222
10241600,316.2300000000001,25017300000,2443,2014
10260492,317.4,25366200000,2472,2029
10307978,326.97999999999996,25736331247,2497,2056
10350039,306.12000000000006,28364615242,2741,2050
10397209,272.77000000000004,30565400000,2940,1845
10433428,244.51,31682400000,3037,1652
10479415,240.42000000000004,33590500000,3205,1606
10531074,221.12,35901200000,3409,1499
10578701,216.12,38203000000,3611,1515
10616406,205.93999999999997,42643836075,4017,1397
10653638,202.54999999999995,52742800000,4951,1376
10678023,188.18000000000004,58603900000,5488,1307
10693814,190.98999999999995,60806300000,5686,1377
10708230,201.32999999999996,62080000000,5797,1477
10725848,202.13000000000002,64328000000,5997,1558
10748034,207.05,68990000000,6419,1529
10770535,204.0,73141000000,6791,1495
10792690,190.45999999999998,77148000000,7148,1499
10813411,184.62999999999997,80656100000,7459,1453
10832068,194.31,87132800000,8044,1511
856733,1.57,10614455232,12389,1
875229,8.36,10183317625,11635,7
690616,9.169999999999998,17422375000,25227,7
701263,24.739999999999995,18703146375,26671,17
713426,27.639999999999997,20403713461,28600,19
728566,36.17,24077470572,33048,19
747034,59.07000000000001,27839460964,37267,41
767174,55.53,25942622951,33816,32
787081,58.879999999999995,25562251656,32477,38
800820,43.78,27427161523,34249,30
814305,42.89999999999999,25041372222,30752,36
813016,64.61000000000001,24084572491,29624,45
804818,57.1,23359294149,29024,44
796037,49.589999999999996,19676167240,24718,40
711344,47.14999999999999,20153871681,25098,36
9710900,314.21999999999997,40477403220,4168,1997
9667500,292.01,29675502270,3070,1904
9681900,303.21,34590052812,3573,1991
9703400,297.64,40614350197,4186,1917
9723700,293.28000000000003,47554674591,4891,1872
9744300,264.4,59775697061,6134,1733
9763900,243.48,66985765439,6861,1568
9786700,234.13000000000002,61792161168,6314,1666
9808300,226.7,66490372105,6779,1613
9819215,236.93,64867483193,6606,1610
9819742,226.64000000000001,61649492817,6278,1649
9838083,220.92000000000002,67523642262,6863,1623
9752463,212.14999999999998,81910771994,8399,1534
9748550,234.88000000000005,99627140274,10220,1719
9746647,203.01999999999998,119162172468,12226,1583
9761733,193.39999999999998,136280689891,13961,1565
9780319,178.4,155463807113,15896,1400
9818295,170.78,189227050760,19273,1379
9899594,175.00999999999996,235718586901,23811,1379
9937407,179.70999999999995,206179982164,20748,1464
9945273,175.62,207477857919,20862,1502
9906318,186.23999999999998,227948349666,23010,1590
9923127,196.23,207376427021,20898,1658
9936780,186.07000000000002,209402444996,21073,1577
9963127,175.28999999999994,207818330724,20859,1489
9989325,170.86999999999998,186829940546,18703,1387
8929942,161.76,195305084919,19505,1318
4874900,253.22000000000003,156162311732,32034,999
4889100,239.13000000000005,185006961302,37841,924
4917300,229.55999999999997,187632400366,38158,892
4937300,218.46,173537588008,35148,817
4956400,188.68,176992000955,35710,763
4976200,183.09000000000003,177965224621,35763,762
4998610,181.07000000000002,164158800460,32841,728
5018451,186.17000000000002,164791416350,32837,727
5041222,176.51000000000002,178635160297,35435,688
5056783,156.7,218095997085,43129,633
5072927,161.78,251373036671,49552,661
5089852,164.23,264467308109,51960,631
5110460,162.08,282884912894,55354,650
5133001,139.95999999999998,319423370134,62229,581
5162525,143.04999999999998,353361056080,68447,603
5192790,144.7,321241396034,61863,622
5217785,130.02,321995350347,61711,563
5244150,126.33,344003209696,65598,589
5270539,143.20999999999998,327148899962,62071,661
5299698,134.54999999999998,343584385594,64831,610
5339166,137.73,352993633221,66114,629
5383060,121.42,301298464861,55972,564
66400,0.0,98585185,1485,0
7661800,82.51999999999998,17149094590,2238,393
7881300,76.54,15314143988,1943,377
8356800,62.53,13945431882,1669,390
8593200,75.28999999999999,13051886552,1519,466
8578619,70.38,13890828708,1619,431
8800933,60.48,15239278100,1732,448
9091700,66.96,16988535268,1869,494
9253155,75.80000000000001,18094238119,1955,505
9488483,70.91000000000001,18938717359,1996,574
9725255,67.67,22708673337,2335,512
9960563,68.22,24432884442,2453,546
10195848,76.34000000000002,25226393197,2474,593
10427773,67.02,28162053027,2701,579
10656446,62.07,27981896948,2626,546
10883283,71.92999999999999,19645272636,1805,616
11109383,57.17000000000001,18327764882,1650,534
11328328,67.24,24468324000,2160,584
11548770,61.42,28548945000,2472,577
11771002,70.56,32432858000,2755,675
11994153,84.38999999999999,36591661000,3051,791
12217643,96.73000000000002,41507085000,3397,943
12449374,93.07,46802044000,3759,900
12677354,95.97,51007777000,4024,1005
12903183,95.28999999999999,61762635000,4787,928
13130161,94.25,62519686000,4762,964
13360285,81.48999999999998,69555367000,5206,912
13583553,81.8,79276664000,5836,918
13815861,84.87999999999998,87924544000,6364,976
14054613,62.88000000000001,95129659000,6769,676
14295145,66.02000000000001,101726331000,7116,734
14534024,97.39,99290381000,6832,1073
4510552,184.46,4817542204,1068,571
4576985,171.29999999999998,5252342400,1148,474
4591600,120.61999999999999,5813399300,1266,419
4694300,123.69,6680269200,1423,424
4836397,159.19000000000003,8921947100,1845,620
4892391,145.16000000000003,9586327800,1959,540
4949302,140.00000000000003,10221705900,2065,577
5006338,122.82999999999998,10936669900,2185,512
5062759,127.96000000000001,11284197000,2229,515
5118189,110.55000000000001,11784927700,2303,461
5175094,129.70999999999998,12282533600,2373,514
5230458,113.19,12664190300,2421,436
5283542,128.92,13243892200,2507,527
5333170,111.55999999999999,13724810900,2573,464
5378879,115.73000000000002,14698001400,2733,455
5429044,99.57000000000001,15999886400,2947,411
5467861,127.14000000000003,17011750900,3111,501
5499287,125.82,17986886200,3271,490
5528910,124.12,17601616000,3184,506
5560453,97.92,18447922400,3318,399
5585785,115.46000000000001,20283783700,3631,485
5618823,123.14,21386153000,3806,512
5657250,116.05999999999999,21977401900,3885,484
5696329,101.84,22585841200,3965,386
1356651,543.1899999999998,4373665146,3224,594
1342202,528.72,4746109767,3536,545
1331234,502.06,5066240419,3806,522
1321719,427.5199999999999,5617109245,4250,477
1313198,486.46999999999997,5726897998,4361,468
1334175,364.64,5685774809,4262,377
1325610,371.68000000000006,6245069734,4711,401
1316690,358.29999999999995,7322069511,5561,371
1307160,338.24000000000007,9833870709,7523,342
1297650,299.4599999999999,12059201242,9293,323
1288495,256.43,14006088297,10870,273
1278915,242.63,16963625016,13264,247
1270415,265.05,22237061730,17504,251
1264005,244.57000000000002,24194039256,19141,242
1259010,248.66999999999996,19652492637,15609,269
1254225,229.07000000000005,19490936349,15540,223
1249427,229.26,23170239901,18545,218
1251631,241.61000000000004,23043864510,18411,237
1243096,231.92000000000002,25137153149,20221,218
1241852,258.90999999999997,26224622451,21117,241
1243450,205.37999999999997,22566956982,18149,195
719459,54.95,1660102346,2307,36
723187,110.53999999999999,1842691481,2548,42
725591,16.12,2315935753,3192,10
728408,90.49000000000001,2727507213,3744,24
732607,52.83,3006725015,4104,22
737759,30.769999999999996,3102741451,4206,24
745055,20.46,3405050612,4570,13
753658,47.480000000000004,3523185920,4675,37
762403,51.67,2870624636,3765,26
776325,106.97,3774530616,4862,38
782939,91.58,3972012571,5073,32
4614100,347.35,91642093873,19861,1363
4633600,354.03999999999996,109103056148,23546,1402
4654300,373.36000000000007,119064708328,25582,1413
4675100,396.22,141517648888,30271,1512
4698500,377.5799999999999,127866490222,27214,1493
4720900,349.87,112625431378,23857,1451
4741000,333.0,89255751015,18826,1397
4761600,330.24,103321570859,21699,1387
4781300,324.96000000000004,134199346405,28068,1388
4802200,289.65,132099404608,27508,1247
4823200,310.35,126833123354,26296,1322
4844673,301.43,133936359591,27646,1228
4864255,283.10999999999996,135225868315,27800,1207
4881820,265.6499999999999,125539893127,25716,1165
4898983,267.19000000000005,129250111857,26383,1204
4915614,255.52000000000004,139552983249,28390,1095
4929856,243.45000000000002,171071106095,34701,1075
4944765,243.95,196768065557,39793,1064
4961784,230.51999999999998,204436015421,41202,994
4979740,233.79999999999998,216552502823,43487,1062
4998853,223.08000000000004,255384615385,51089,995
5020096,220.29,283742493042,56521,1033
5042316,228.48999999999998,251499027508,49878,1034
5063494,215.21,247799815768,48939,954
5085985,203.60999999999999,273674236773,53809,912
5110450,187.01,256706466091,50232,873
5135433,196.82999999999998,269980111643,52572,887
5159944,177.16000000000005,272609288690,52832,789
5181797,161.18999999999997,232464833066,44862,731
51382600,348.90000000000003,553138414367,10765,12501
51637600,351.77000000000004,771470783218,14940,12529
51900800,331.03000000000003,934173305686,17999,12161
52157600,312.7200000000001,1018847043277,19534,11599
52417900,312.53000000000003,1025211803414,19558,11715
52952900,302.7300000000001,1269179616914,23968,11403
53282900,298.1,1269276828276,23821,11502
53622300,301.47,1401465923172,26136,11644
53945400,312.69,1322815612694,24521,12251
54247100,299.94999999999993,1393982750473,25697,12041
54528500,292.61999999999995,1601094756210,29363,11819
54791600,271.21999999999997,1605675086550,29305,11279
55045500,266.33,1452884917959,26394,11139
55280700,253.65000000000003,1503108739159,27190,10534
55043393,245.83000000000004,1492647560196,27118,10268
55267624,257.23,1362248940483,24648,10849
55511272,239.94,1376465324385,24796,10449
55935517,238.63999999999996,1494286655374,26714,10643
56360402,241.30999999999997,1840480812641,32656,10871
56813922,232.50999999999996,2115742488205,37240,10804
57160687,232.09,2196126103718,38420,10713
57824447,220.62999999999997,2318593651988,40097,10423
58167011,213.69,2657213249384,45682,10127
58482967,216.20999999999998,2918382891460,49901,10353
58770727,216.24,2690222283968,45775,10499
59056283,211.17,2642609548930,44747,10379
59344643,211.18000000000004,2861408170265,48217,10408
59638457,198.97999999999996,2683825225093,45002,9743
59910069,192.33,2811077725704,46922,9600
60275954,179.56,2852165760630,47318,8881
4986400,64.42999999999999,7753501868,1555,196
5018550,53.05,6357615894,1267,174
4988700,60.47999999999999,3690328964,740,204
4518900,37.300000000000004,2513870587,556,123
4410850,40.739999999999995,2693731866,611,138
4310350,59.7,3094915506,718,162
4240600,60.650000000000006,3510540809,828,176
4209250,49.3,3613500117,858,148
4187750,68.57999999999998,2800024314,669,189
4165600,46.64000000000001,3057453483,734,130
4140950,35.19,3219487747,777,100
4089850,66.54,5125363001,1253,175
4132000,28.359999999999996,6410852596,1552,87
4166500,23.509999999999998,7745406201,1859,72
4154900,36.59000000000001,10172869680,2448,104
4158750,65.05999999999999,10766809099,2589,188
4193800,34.33,11638536834,2775,112
4202600,36.309999999999995,14434619982,3435,99
4200900,34.88,15846474596,3772,104
4192600,55.57,16140047012,3850,157
3470600,74.48999999999998,16509305828,4757,194
3458400,84.68,13993546732,4046,192
74958800,259.45,1764967948917,23546,13924
75495900,258.11,1861873895109,24662,14010
76131700,250.04000000000002,2123130870382,27888,13458
76793400,235.50000000000003,2068555542411,26937,12690
77163400,230.79,2205966011812,28588,12718
77547500,233.57999999999998,2591620035485,33420,12888
77882500,216.42000000000002,2503665193657,32147,12225
78067900,210.95999999999998,2218689375141,28420,12256
78071100,200.51000000000002,2243225519618,28733,11654
78141200,189.24000000000004,2199957383337,28154,11160
78242066,185.55000000000004,1949953934034,24922,11073
78421514,185.77999999999997,1950648769575,24874,11167
78633771,183.96000000000004,2079136081310,26441,11176
78756461,181.23999999999998,2505733634312,31816,11155
78811814,172.23,2819245095605,35772,10741
78851254,161.48999999999998,2861410272354,36289,10270
78828994,152.52,3002446368084,38088,9775
78776585,146.52,3439953462907,43667,9409
78662789,145.52000000000004,3752365607148,47702,9459
78448602,145.52000000000004,3418005001389,43570,9579
78349067,152.17000000000002,3417094562649,43614,10030
78371140,152.82,3757698281118,47947,10153
78508115,148.30999999999997,3543983909148,45142,9896
77270988,153.08,3752513503278,48563,10091
77552369,153.03999999999996,3890606893347,50167,10217
78136683,150.34,3375611100742,43201,10088
9275400,58.169999999999995,47820850975,5156,405
9334000,61.209999999999994,56379593720,6040,393
9387400,63.059999999999995,65652751132,6994,410
9450000,60.12,76261278405,8070,403
9527500,54.53,79169043642,8310,383
9617000,51.489999999999995,97891090929,10179,349
9721144,54.569999999999986,105143232380,10816,381
9834155,48.93000000000001,116224673043,11818,351
9930405,53.1,108809058859,10957,412
10018932,46.84,116601802107,11638,355
10101632,49.68,136878366230,13550,370
10178479,45.13000000000001,145861612826,14330,356
10248806,47.66,143157600025,13968,374
10310630,48.269999999999996,144428172835,14008,403
10362363,45.739999999999995,142540728958,13756,381
10403059,44.86,130133845771,12509,382
10441529,38.81000000000001,136191353468,13043,334
10482045,38.35,153830947017,14676,323
10515665,40.67,201924270316,19202,375
10547290,40.92,240521260988,22804,353
10582816,46.53,247783001865,23414,400
10618891,45.410000000000004,273317737047,25739,394
10653591,33.91,318497936901,29896,328
10686723,40.300000000000004,354460802549,33168,373
10719618,40.970000000000006,330000252153,30785,391
10735384,39.90000000000001,299361576558,27886,377
10728724,48.67999999999999,287797822093,26825,477
10539802,53.31999999999999,245670666639,23309,508
10431289,55.11,239862011450,22994,533
10380547,59.820000000000014,237029579261,22834,565
10331286,56.059999999999995,195541761243,18927,529
85375,25.08,167728444,1965,1
87300,46.800000000000004,236357519,2707,4
81805,65.09,267327630,3268,4
82000,24.75,278098778,3391,2
82400,0.0,300757889,3650,0
83528,0.0,310160444,3713,0
85304,34.21,309812185,3632,3
87036,60.82,325111815,3735,4
88433,51.95,342172519,3869,1
89772,11.96,366911444,4087,1
91415,0.0,520444185,5693,0
91908,0.0,540336926,5879,0
92567,69.18,591018407,6385,4
93202,13.37,599118593,6428,1
93685,160.82000000000002,695370296,7422,6
94126,9.89,698700667,7423,1
94418,48.339999999999996,758683593,8035,3
94585,0.0,825977889,8733,0
94746,0.0,771278111,8140,0
94980,0.0,771015889,8118,0
95102,20.73,778648667,8188,1
95426,18.009999999999998,799882148,8382,2
95876,0.0,842620111,8789,0
96393,0.0,911481481,9456,0
96892,0.0,997007926,10290,0
79012,0.0,1056188593,10838,0
6924188,42.83999999999999,7231963516,1044,203
7108740,57.919999999999995,7084399840,997,241
7300076,47.239999999999995,7841602824,1074,174
7493108,35.230000000000004,8410724361,1122,152
7683992,34.07000000000001,7650125217,996,158
7880665,33.519999999999996,9406097735,1194,156
8069672,38.25,10440842165,1294,173
8254958,31.17,11399942453,1381,165
8443914,25.9,12983235568,1538,142
8641512,34.13,14655404433,1696,211
8832326,30.049999999999997,15674835615,1775,157
9044205,26.51,17790026222,1967,179
9273529,37.059999999999995,19395491993,2091,201
9512666,36.5,18318412251,1926,234
9755585,27.419999999999995,19288827159,1977,182
10015097,30.590000000000003,18702802395,1867,202
10277166,40.529999999999994,20776669467,2022,258
10542980,37.34000000000001,21917706491,2079,253
10817808,29.929999999999996,23965275996,2215,250
11104906,32.61,27211377225,2450,238
11397134,41.95,30231249362,2653,298
11708397,40.269999999999996,34113107086,2914,327
12032885,54.760000000000005,39136893345,3252,492
12359945,57.57,37733994976,3053,511
12682151,35.43,41338595381,3260,352
13017342,34.69,47654841113,3661,359
13335425,41.800000000000004,50388454861,3779,420
13641878,40.690000000000005,53851058955,3947,455
13947190,45.88,58722323918,4210,512
14258397,44.85,63767597194,4472,494
654894,91.92000000000002,413799990,632,56
654104,184.88000000000002,379779390,581,94
653426,177.06000000000003,396582263,607,89
654620,232.84,336708419,514,105
656713,182.15,368281379,561,78
658831,116.81,442273433,671,72
660582,162.20000000000002,540874934,819,86
661682,208.72000000000003,621626786,939,99
659048,128.31,705406001,1070,60
657584,82.65000000000002,749138010,1139,40
657089,64.86,717530683,1092,35
657094,313.62,694754988,1057,163
660426,380.76,696281472,1054,197
662839,311.93,722460886,1090,176
664705,382.53999999999996,741929343,1116,198
666308,400.0,785918770,1180,186
667709,333.9600000000001,824880550,1235,169
668408,394.60000000000014,1458449453,2182,201
668788,373.74999999999994,1740334782,2602,185
669253,353.61999999999995,1922598121,2873,168
670155,301.78000000000003,2061323854,3076,156
671825,403.06999999999994,2273225042,3384,205
675283,349.5299999999999,2576024116,3815,192
679356,367.97999999999996,2861562266,4212,206
683867,356.38000000000005,2990006534,4372,210
9757766,575.0000000000001,34748508332,3561,3993
9754956,570.26,38724945368,3970,4000
9747902,539.2799999999999,40119073326,4116,3694
9740817,535.81,43160392124,4431,3625
9737248,493.4200000000001,46418916500,4767,3366
9737250,482.74,46659796773,4792,3436
9737781,470.44000000000005,47290180589,4856,3208
9734373,436.78,48770466839,5010,3245
9553064,483.88,49170434391,5147,3326
9527034,464.56,47310623887,4966,3269
9704598,408.9800000000001,53821315066,5546,2978
9680164,382.74999999999994,67716887203,6995,2839
9652533,372.0399999999999,85324771841,8840,2800
9630044,369.46999999999997,104066609518,10806,2742
9608943,352.00999999999993,113035361317,11764,2619
9591110,312.66,115295199392,12021,2461
9572938,327.32000000000005,139850794387,14609,2450
9552784,331.67999999999995,157998423132,16540,2476
9534237,310.71999999999997,130593960612,13697,2460
9514005,321.30999999999995,130922638689,13761,2489
9495011,299.85,140782064609,14827,2420
9453181,305.96,127856647108,13525,2349
9433840,266.22999999999996,135215704419,14333,2092
9412788,244.30999999999997,140118140455,14886,1925
9389519,257.2699999999999,122879042002,13087,1868
8390370,241.34,125816640421,13448,1761
220100,171.04999999999998,2939845038,13357,32
222300,215.09999999999997,3930518366,17681,37
225600,209.94,5438537482,24107,36
229200,167.98000000000002,6016168896,26249,35
232000,110.12,5588533007,24089,22
233300,180.31000000000003,6372905073,27316,40
235900,199.72999999999996,6807365898,28857,37
238000,122.89000000000001,6976080331,29311,28
240500,109.02,6126456175,25474,26
242700,125.43999999999998,6294803497,25937,25
244700,129.66,7018100153,28680,27
246500,177.35000000000002,7330965239,29740,33
248929,164.02000000000004,7548912105,30326,33
252253,141.08999999999997,8453704212,33513,30
255820,128.92,8917286036,34858,31
259723,207.99,8927140438,34372,50
263738,163.06,8136345144,30850,36
266455,131.24,9207689916,34556,30
268330,100.97000000000001,11316441660,42174,26
271588,168.81000000000003,13722824251,50528,35
274929,115.0,16691490114,60712,33
282999,106.39000000000001,17048647568,60243,32
289712,163.29000000000002,21319946740,73590,37
296836,136.09,17658408759,59489,38
296204,123.73000000000002,12944114736,43700,36
294620,184.27,13310567803,45179,46
295475,92.94999999999999,14732689535,49861,27
297238,145.41000000000003,14292008745,48083,37
300456,221.24,15548321544,51749,49
304472,197.95999999999998,17304033021,56833,44
308554,140.65,16942247374,54909,40
268773,138.07,20304098101,64708,40
3208200,102.15999999999998,21295486383,6638,276
3216700,104.88000000000002,28748960471,8937,282
3229700,95.42000000000002,33961142322,10515,245
3233500,113.24,37818134253,11696,266
3223200,110.55999999999999,39285385088,12188,278
3224000,125.68000000000002,49364681256,15312,334
3252100,126.52999999999999,49847128533,15328,345
3283400,137.87,55985506499,17051,362
3306500,117.15,52480253169,15872,326
3326000,142.82,57166037102,17188,394
3345900,143.84,69222626263,20689,403
3375800,145.54,75880632560,22478,408
3414285,156.15,82826146132,24259,466
3449415,162.17000000000002,90082034316,26115,498
3481871,141.22000000000003,98691849563,28344,424
3523376,142.36,99853528653,28340,463
3573974,148.97,109133512304,30536,488
3639573,135.82,127945379258,35154,449
3694079,134.76999999999998,164285112867,44473,454
3752679,129.42,193870350137,51662,464
3833357,121.10999999999999,211650764830,55213,451
3937578,126.46000000000001,232085535065,58941,452
4026707,121.77000000000001,269917519847,67032,458
4094192,129.55999999999997,275020023436,67173,506
4117667,132.63000000000002,236311336482,57390,527
4264857,120.30000000000001,221951354762,52042,486
4218849,138.57999999999998,239018536582,56655,554
4220806,137.66,225571853194,53443,542
4227378,117.40999999999998,239389340720,56628,487
4328043,119.67999999999999,258099014042,59634,486
3753500,112.02999999999999,27493591484,7325,234
3813500,130.28000000000003,34083532195,8938,278
3878100,133.61,40946424370,10558,271
3947300,124.16,50078767903,12687,303
4021100,170.31999999999996,49881433991,12405,353
4156100,122.25999999999999,58986997917,14193,304
4423200,139.34000000000003,67530220219,15267,359
4588900,130.95,75575902932,16469,381
4717000,137.23,75954641355,16102,371
4844900,149.89,86307135997,17814,416
4977700,127.42999999999998,100343219507,20159,360
5103700,110.50999999999999,109957321960,21545,306
5233500,126.57999999999998,114724862034,21921,379
5360200,100.11000000000001,115979230547,21637,318
5497047,102.58,117189920212,21319,368
5643291,108.56000000000002,132339311284,23451,394
5777467,108.23000000000002,130706147871,22623,398
5895508,93.49000000000001,121069378150,20536,382
6003127,97.17,126864966909,21133,417
6109931,98.43999999999998,135445033199,22168,411
6220861,102.91,142462925574,22901,425
6334485,80.52,153966916311,24306,367
6448814,73.66999999999999,178706717753,27712,326
6565602,87.33000000000003,215840354627,32874,354
6731835,80.32,207419370241,30812,404
6849825,99.47000000000001,233609522091,34104,480
6971495,87.41000000000001,261628548084,37528,409
7095360,83.78999999999998,257296579579,36263,430
7226008,74.21000000000001,292489185194,40477,372
7366252,71.26000000000002,308416982140,41869,382
7516180,65.91,299093839690,39793,342
54114700,133.4,450725816043,8329,4759
54267500,131.05,638273986102,11762,4691
54424100,125.54,803055418883,14756,4516
54579700,121.80999999999999,888667913419,16282,4381
54697200,116.63999999999997,925598068021,16922,4342
54831700,121.98,1177326294441,21472,4402
54465500,115.86999999999998,1242109397534,22805,4453
54154898,115.47999999999999,1315806985860,24297,4543
54140523,121.14000000000001,1061445225791,19605,4697
54143049,118.92999999999999,1095590833694,20235,4536
54141172,118.01000000000002,1170787352906,21625,4569
54150332,115.45000000000002,1308929351236,24172,4689
54181477,117.04000000000002,1239050932242,22869,4694
54250592,113.84000000000002,1266309245009,23342,4504
54280527,99.72,1248563179203,23002,4115
54298946,99.22,1141759996315,21027,4108
54333844,95.87,1162317852349,21392,4030
54526842,94.61,1266510634293,23227,4069
54937570,94.41999999999997,1569649661400,28572,4075
54988156,91.33000000000001,1798314750435,32704,3986
55244690,82.58999999999999,1852661982341,33536,3742
56180672,81.61000000000001,1942633797516,34578,3700
56583578,81.96000000000004,2203053380783,38935,3757
57009825,81.68999999999998,2390729163615,41935,3904
57351830,81.92999999999998,2185160183384,38101,3974
57637843,80.77000000000001,2125058244243,36869,3989
56610149,86.08,2276292404601,40210,4153
56795085,85.45,2072823157060,36497,4257
57503331,84.86,2130491320659,37050,4290
58100676,82.13000000000002,2151732868243,37035,4147
58117697,78.45,1832868490534,31537,3988
2035000,9.040000000000001,2100223150,1032,8
2052531,0.57,2754566176,1342,1
2070760,7.780000000000001,3286987552,1587,13
2090603,4.2,3828310735,1831,5
2111039,0.0,4404970059,2087,0
2131041,1.32,4592224067,2155,3
2154835,0.9,4071219198,1889,1
2367841,1.16,8985352832,3795,3
2391278,2.8000000000000003,9178016493,3838,5
2415717,0.7,9694169757,4013,2
2440426,0.9099999999999999,9399447609,3852,2
2464408,0.74,10150978155,4119,1
2487169,26.169999999999995,11204416000,4505,51
2512597,0.0,11905525197,4738,0
2568883,21.129999999999995,12038829246,4686,36
2586652,1.16,13191645686,5100,3
2601037,27.860000000000003,14439910353,5552,50
112809200,300.46999999999997,1398892744821,12401,23257
113679000,323.55,2078953333674,18288,25484
114416000,295.29,2532808573157,22137,23663
115101000,284.71999999999997,3071683013179,26687,22676
115766000,263.41999999999996,3054914166263,26389,21013
116251400,246.37,3132817652848,26949,20002
116802000,234.51,3584420077101,30688,19780
117311000,240.28000000000003,3908809463464,33320,20756
117735000,224.09999999999997,4454143876947,37832,20353
118064000,228.95000000000002,4907039384470,41563,20744
118349500,228.12999999999997,5449116304981,46043,21249
118785000,228.48000000000002,4833712542207,40693,21967
119060000,237.38,4414732843544,37080,23280
119338000,306.59999999999997,4032509760873,33791,31458
119540000,298.90000000000003,4562078822335,38164,31115
119752660,278.52000000000004,4887519660745,40813,29989
120066000,267.16,4303544259843,35843,29132
120189000,265.84,4115116279070,34239,29715
120395000,279.4099999999999,4445658071222,36926,31881
120500000,266.24999999999994,4815148854362,39960,30034
120657507,266.88999999999993,4755410630912,39412,30369
120702000,262.24,4530377224970,37534,29769
120704000,268.75999999999993,4515264514431,37408,30665
120602000,265.32,5037908465114,41773,30073
120496000,266.69,5231382674594,43415,30523
121127267,255.48,5700098114744,47059,29411
120927000,252.41000000000003,6157459594824,50919,28766
120735000,233.70000000000002,6203213121334,51379,26338
120514000,231.16000000000003,5155717056271,42781,25991
120274000,218.20999999999998,4850413536038,40328,24357
120376310,206.04,4394977752878,36510,23092
14773900,334.11999999999995,26932728899,1823,3172
14952800,318.65999999999997,24881135586,1664,3082
15150100,323.53,24906939560,1644,3356
15331400,376.49000000000007,23409027476,1527,4019
15229600,414.68000000000006,21250839258,1395,4024
14989600,454.67,20374307047,1359,4706
14487700,452.84,21035357833,1452,4773
14394600,433.7400000000001,22165932063,1540,4642
13844200,440.52000000000004,22135245413,1599,4313
13773400,407.72999999999996,16870817135,1225,3991
13772422,426.04999999999995,18291990619,1328,4428
13772696,422.48999999999995,22152694162,1608,4377
13777476,405.89,24636593223,1788,4240
13811863,411.7099999999999,30833699703,2232,4321
13873328,413.85999999999996,43151647003,3110,4394
13947770,357.80000000000007,57123671734,4096,3903
14037676,374.72999999999996,81003884545,5770,4076
14125606,375.6300000000001,104849886826,7423,4141
14216053,366.93999999999994,133441612247,9387,3997
14370635,330.07000000000005,115308661143,8024,3838
14713167,320.81000000000006,148047348241,10062,3609
14853350,293.76,192626507972,12969,3401
15023549,271.02,207998568866,13845,3240
15215382,296.67,236634552078,15552,3512
15428844,257.09,221415572820,14351,3119
15646752,238.01999999999998,184388432149,11784,2872
61855,181.54,47515189,768,10
62856,81.78,47737955,759,4
63848,204.22,46919625,735,12
64871,150.4,54832578,845,10
65923,56.71,56338028,855,2
67126,77.35000000000001,66515377,991,6
68328,76.06,67537480,988,5
69570,50.45,65334841,939,4
70938,0.0,69032258,973,0
72440,0.0,67254174,928,0
73851,0.0,63101272,854,0
1468000,11.200000000000001,21442619681,14607,17
1535300,8.74,17903681693,11661,16
1606300,11.47,22365734482,13924,16
1273600,13.009999999999998,23941391391,18798,18
1448000,18.47,24848483838,17161,30
1511100,12.74,27191689008,17995,26
1568700,18.330000000000002,31493987642,20076,30
1617500,19.939999999999998,30354434553,18766,33
1825766,16.209999999999997,25941929462,14209,35
1898700,16.82,30121879435,15864,46
1973153,15.23,37711864407,19112,34
2038530,9.129999999999999,34890772742,17116,30
2158603,14.56,38137545245,17668,45
1950622,16.44,47875838926,24544,44
1996086,17.26,59440108585,29778,45
2062968,18.18,80797945205,39166,52
2165713,15.83,101550654721,46890,45
3074918,13.02,114641097818,37283,51
3369394,11.76,147395833333,43746,47
3165654,14.810000000000002,105899930507,33453,61
3281614,10.04,115419050942,35171,39
3333698,11.409999999999998,154027536232,46203,41
3496698,15.59,174070025009,49781,56
3574090,9.879999999999999,174161142454,48729,41
3715284,15.86,162631412509,43774,68
3737300,247.07000000000002,2674000000,715,547
3796500,246.59,2570833333,677,543
3839300,221.41999999999996,2316562500,603,491
3841200,258.78999999999996,2028295455,528,563
3851100,254.30999999999997,1681006993,437,581
3905400,239.76999999999998,1661018519,425,605
3978800,206.53999999999994,1827570586,459,480
4059900,190.85,1767864036,435,496
4139700,184.94000000000003,1645963750,398,509
4298100,191.44,1249062025,291,556
4369202,182.63,1369693171,313,510
4425784,193.29999999999998,1525112242,345,560
4473163,173.10999999999999,1605640633,359,567
4520843,137.86,1919012781,424,479
4572278,141.32999999999998,2211535312,484,438
4614533,135.48000000000002,2460248026,533,470
4646475,145.99,2834168889,610,463
4668640,125.89000000000001,3802566171,814,482
4690924,135.96,5139957785,1096,473
4800134,113.28,4690062255,977,458
4837556,143.2,4794357795,991,500
4870538,126.89000000000001,6197766119,1273,471
4932360,140.66000000000003,6605139933,1339,524
5012200,109.84,7335027592,1463,446
5096430,111.79000000000002,7468096567,1465,461
5195827,98.36999999999999,6678178340,1285,417
2374700,545.6199999999999,5788368511,2438,1024
2363400,492.01000000000005,5970044666,2526,922
2354700,492.56999999999994,6525676264,2771,886
2344100,441.8400000000001,7174985107,3061,839
2333400,420.40999999999997,7533187605,3228,763
2272107,453.2,7937758980,3494,770
2242227,383.49000000000007,8350252966,3724,708
2214484,367.76,9546441564,4311,670
2190211,361.63000000000005,11748433157,5364,604
2163477,328.38,14373269156,6644,563
2137831,312.06,16922504045,7916,564
2115215,288.9,21447021570,10139,487
2093878,295.75000000000006,30901399261,14758,453
2067529,323.68999999999994,35596016664,17217,527
2030316,307.7999999999999,26169854045,12890,516
1987906,259.34000000000003,23757368290,11951,438
1953611,288.75,28223552825,14447,440
1931521,267.67999999999995,28119996053,14558,444
1912464,242.19000000000003,30254677297,15820,383
1894041,248.81000000000003,31335013752,16544,382
1875522,251.47000000000006,26972863394,14382,387
3387149,639.3,7870782261,2324,1694
3375163,595.61,8385109020,2484,1722
3364273,565.4400000000002,10120274493,3008,1632
3350973,566.36,11240360898,3354,1553
3333452,561.5300000000001,10972878636,3292,1550
3315125,571.8,11539211480,3481,1631
3294138,568.9799999999999,12252498921,3719,1533
3274488,555.6199999999998,14278357284,4360,1551
3254127,530.5200000000001,18802576988,5778,1455
3222969,503.36999999999995,22649930576,7028,1380
3174728,485.78999999999996,26125575942,8229,1319
3125767,400.57,30216060233,9667,1049
3087867,406.79,39738180077,12869,1025
3053756,430.05,47850551149,15669,1111
3016497,437.07000000000005,37440673478,12412,1138
2949737,395.23999999999995,37120517694,12584,1018
2879805,407.69,43476873413,15097,1018
2837770,374.12,42848195256,15099,927
2806627,444.56000000000006,46417340375,16538,1085
2781577,401.2700000000001,48516371721,17442,930
2753926,385.48,41508609233,15073,896
2445296,361.71999999999997,42773029835,15742,822
344800,247.39,4738559685,13743,55
346000,183.05,6921264132,20004,51
349400,243.24,8614215559,24654,74
352300,211.50000000000003,9750161053,27676,69
355400,261.32000000000005,10391504709,29239,73
358800,233.33999999999997,13229247948,36871,68
362900,280.83000000000004,14321878795,39465,77
367300,228.37000000000003,16065740778,43740,59
372000,207.95999999999998,16486900187,44320,64
377000,277.24000000000007,18325791415,48610,74
382100,210.08,21588170498,56499,63
387700,229.25000000000006,21776609772,56169,72
392600,307.59999999999997,19731912494,50260,81
397915,201.25000000000003,20209122027,50788,64
403890,211.99000000000004,22235929043,55054,70
410164,222.64,21263514833,51841,62
413930,239.82,21272418792,51391,73
418106,264.14,23616328816,56484,85
423654,164.36999999999998,29557325056,69768,48
430128,189.53999999999996,34685281848,80639,62
437338,159.07000000000002,37347394603,85397,49
444821,183.79000000000005,42414308117,95351,65
452012,183.88999999999996,50888134410,112581,78
460371,112.30999999999999,55849686539,121315,43
469209,110.94999999999999,51370543206,109483,48
477979,141.16,53212476812,111328,54
488918,136.52999999999997,60004630234,122729,55
501044,140.18,56677961787,113120,51
512689,91.47999999999999,61739352212,120423,40
524940,147.88,66327344189,126352,67
537748,134.39999999999998,57784495265,107456,64
346542,171.74000000000004,6265844252,18081,27
247387,0.0,624337145,2524,0
255503,110.49,870179739,3406,3
263747,9.84,897031250,3401,3
272110,15.52,1052121055,3867,4
280526,3.74,1226829563,4373,1
288936,2.75,1163362438,4026,1
305536,14.360000000000001,1868383461,6115,5
313924,0.0,2271646188,7236,0
331559,1.99,2588176055,7806,1
341018,5.39,2774351760,8135,2
307200,8.76,1117835286,3639,2
315800,3.61,1435079200,4544,1
317400,18.87,1751247763,5517,1
320800,28.61,2019474244,6295,9
324000,89.96000000000002,2118574772,6539,23
327400,23.75,2547163582,7780,8
330800,30.340000000000003,2750041434,8313,10
334300,87.13999999999999,3021910217,9040,18
337700,47.540000000000006,2709178327,8022,16
341700,64.69,2998570147,8775,15
344900,47.02,3439931907,9974,17
348200,47.43000000000001,3570271558,10254,10
350400,70.67999999999999,3705372039,10575,15
353400,30.63,3923637971,11103,12
355600,91.76,4127313818,11607,27
362676,78.05,4306192436,11873,23
370541,85.29,4331870648,11691,30
374456,55.28,4689832690,12524,19
377785,74.94,5456583589,14444,20
380918,85.82,6062780269,15916,24
384111,67.94,6394851387,16648,19
386038,87.21000000000001,6757119558,17504,26
387581,73.84,7880509171,20333,26
390195,38.67999999999999,8977149553,23007,14
393102,107.11999999999999,8528202278,21695,36
394949,82.10999999999999,8741059603,22132,31
396423,47.49999999999999,9507645260,23984,20
399138,59.87,9209559296,23074,25
402728,57.22,10145114180,25191,22
406525,102.07999999999997,11234045376,27634,32
410637,78.26999999999998,10574026838,25750,34
883400,143.13,1080642033,1223,104
898100,30.070000000000004,1469046115,1636,28
911300,171.93999999999997,1888754655,2073,140
925000,246.10999999999999,2143484488,2317,167
932900,211.64000000000007,2191096860,2349,144
941100,163.17999999999998,2653480001,2820,147
938100,196.79000000000002,2856890681,3045,137
948300,198.99,3224267548,3400,146
958300,174.99000000000004,3263368410,3405,138
972800,154.65,3558137040,3658,129
981900,182.65,4040345933,4115,147
995000,166.14,4421943910,4444,153
1011700,143.57,4187367602,4139,122
1026300,154.76999999999998,4169664285,4063,155
1042400,186.04000000000002,4291172816,4117,174
1056073,140.82000000000002,4582555125,4339,137
1068947,121.83999999999999,4536538211,4244,113
1079755,131.89999999999998,4767303154,4415,131
1092234,94.02,5609831328,5136,88
1103091,100.99,6385695187,5789,97
1113942,102.51,6283803256,5641,102
1125301,163.68,7028803366,6246,118
1135233,141.45,8150138757,7179,127
1146258,78.13,9990370016,8716,84
1159551,106.07000000000001,9128843109,7873,115
1164931,111.83000000000001,10003670690,8587,98
1173352,120.03999999999996,11518393367,9817,118
1180547,114.25,11668685524,9884,115
1147390,97.67,12129642296,10572,98
1151424,115.45,12803445934,11120,120
1154848,99.96999999999997,11692287066,10125,104
992432,99.3,12232463656,10570,98
67566000,38.169999999999995,184472557415,2730,1544
69123500,45.739999999999995,129440993789,1873,1714
67948100,41.42999999999999,140263387027,2064,1701
69646000,42.22,183144164357,2630,1703
71359000,48.25999999999999,222977046516,3125,1865
73076900,48.85,262709948091,3595,1926
74796300,47.69,314454015372,4204,2103
75285800,52.07000000000001,363609163462,4830,2237
76826800,52.0,500736065605,6518,2342
78374100,55.92,527813238126,6735,2588
79927100,59.089999999999996,360073909244,4505,2877
83802294,56.33,410975595310,4904,3008
85340880,57.070000000000014,500413483109,5864,3350
86825678,56.839999999999996,526502129378,6064,3312
88271977,54.889999999999986,600232874043,6800,3327
89694793,54.89,707906744575,7892,3456
91052714,63.300000000000004,756706300590,8311,3760
92394316,58.36000000000001,772106378935,8357,3826
93758859,63.0,729336319677,7779,4070
95193068,60.75,782240601985,8217,4056
96730008,62.220000000000006,877476221382,9071,4274
98468839,59.220000000000006,975387131716,9906,4230
100294297,58.010000000000005,1052696282279,10496,4285
102170587,60.83,1109989038339,10864,4642
104044342,64.14,900045362045,8651,5023
105875861,61.00999999999999,1057801282051,9991,4858
107655100,65.52,1180489563964,10965,5558
109368765,63.43,1201090018604,10982,5381
111036708,64.99000000000001,1274443078609,11478,5711
112692589,68.37999999999998,1314385330073,11663,6178
114357884,66.57,1169622672463,10228,6234
2167589,184.39,11183458131,4145,423
578668,0.0,984297589,1701,0
578668,0.0,1159869246,2004,0
578668,0.0,1284685051,2220,0
579688,0.0,1707710053,2946,0
581623,0.0,2073234418,3565,0
583232,274.4799999999999,2257174481,3870,118
584885,0.0,2721904403,4654,0
587244,335.53,3680710375,6268,121
589953,308.09000000000003,4545674528,7705,126
592234,275.93,4159330370,7023,107
13618300,159.89,142009922306,10428,1638
13695500,158.28000000000003,198298498021,14479,1604
13777000,157.17000000000004,241918791123,17560,1616
13855700,147.59999999999997,258567751143,18661,1523
13929300,136.01000000000002,255039560740,18310,1520
14014300,136.17000000000002,314267667675,22425,1450
14114800,150.49,323320449906,22906,1611
14216900,143.49,358330385840,25205,1587
14313600,135.98,349037818106,24385,1555
14397700,136.96,374291430318,25997,1584
14474000,125.02000000000002,446528959649,30850,1511
14553700,135.07,445704575163,30625,1577
14639900,136.57,412199006099,28156,1572
14734600,128.5,432476116419,29351,1519
14832000,123.16000000000001,441975282335,29799,1519
14933235,118.99000000000001,412807259996,27644,1501
15038337,116.3,426573601790,28366,1474
15130318,119.72999999999999,465368906456,30757,1570
15203397,113.33,571863431151,37614,1502
15265861,111.16,650532654582,42614,1514
15320595,113.27999999999999,678533764457,44289,1574
15368697,113.18999999999998,726649102998,47281,1525
15425404,97.43999999999997,839419655078,54418,1354
15506963,102.08999999999999,936228211513,60375,1439
15602176,108.30000000000001,857932759100,54988,1530
15691409,109.48999999999997,836389937229,53302,1604
15772162,113.07999999999998,893757287202,56667,1650
15839503,118.51,828946812397,52334,1756
15899508,125.53000000000002,866680000367,54510,1856
15899508,121.42,879635084125,55325,1839
16057342,126.93,757999453314,47206,1873
14239554,127.38999999999999,777227541581,48108,1886
3025800,153.64,24950895141,8246,338
3026100,178.67,30604668357,10114,414
3047100,210.51999999999998,40338594862,13238,463
3055200,205.03,45493075684,14890,484
3063800,190.62,44170562822,14417,465
3089400,186.57,45519034244,14734,455
3203900,175.48,42756020707,13345,474
3235600,183.59,41636005955,12868,493
3273200,163.98000000000002,46712018141,14271,443
3319500,198.63,55154160816,16615,512
3373800,199.42000000000004,63918039320,18945,545
3432500,195.13,70140835299,20434,540
3470200,198.28000000000003,66074513018,19041,562
3502800,201.07000000000002,56227696195,16052,574
3549300,176.80000000000004,58762260626,16556,516
3573690,157.54,52622842840,14725,458
3599090,179.9,53872425917,14968,508
3659190,152.03000000000003,66627729311,18208,467
3729420,172.35,88250885550,23663,519
3802510,163.41000000000003,103904537815,27325,495
3849280,157.93000000000004,114718721397,29803,514
3898600,156.74,111608845081,28628,527
3935450,148.19,137316087308,34892,494
3968450,151.77999999999994,133279679483,33585,520
4009980,153.00000000000003,121338622025,30259,512
4055470,152.62,146583831538,36145,536
4090460,142.82000000000002,168461998741,41184,493
4120870,158.03000000000003,176192886551,42756,549
4129770,144.55,190785204764,46198,513
5107427,88.74000000000001,8758622329,1715,351
5177921,89.54999999999998,9774316692,1888,369
5251443,72.28999999999999,10532001130,2006,316
5326935,80.97000000000001,10982972256,2062,351
5402424,71.39999999999999,11880438824,2199,311
5476483,69.86999999999999,12611087031,2303,315
3911700,163.62,78693253276,20117,579
3929500,191.56,94230055659,23980,649
3946600,208.49999999999997,101900260856,25820,708
3955800,197.89000000000004,102633789558,25945,660
3961300,191.31000000000003,119791683308,30240,659
3972600,194.82000000000002,121872464483,30678,675
3989800,181.64000000000001,130838040068,32793,616
4010500,178.05,120579072751,30066,590
4033300,150.53,127131461120,31520,531
4055900,156.35,152027402450,37483,548
4078000,153.93,163517783497,40098,517
4102100,158.60999999999999,161354369893,39335,533
4129400,153.66,154165219812,37334,548
4159745,163.32999999999998,162286003693,39013,583
4168315,150.33,171315639983,41099,541
4215103,154.29000000000002,174003247439,41281,549
4243689,141.0,195418347153,46049,494
4273124,138.07999999999996,228752436372,53533,502
4301960,141.37,264357494659,61450,529
4335092,142.09,308722079938,71215,533
4372103,142.67000000000002,345424664369,79007,532
4417369,127.77,401082621083,90797,485
4472089,132.03,462554432624,103431,505
4527536,145.73999999999995,386622457580,85394,573
4582885,136.42999999999998,429130952709,93638,548
4643300,146.49,498831558926,107430,598
4706585,125.99999999999999,510229136227,108408,515
4767605,127.00999999999999,523502127660,109804,554
4827178,127.22999999999999,499338534779,103443,548
4882909,136.43,386663139403,79187,590
2607549,21.189999999999998,48388296489,18557,13
2748440,3.8000000000000003,58642392718,21337,13
3631098,1.51,81076723017,22328,7
1899700,51.059999999999995,6541517100,3443,56
1939900,60.91,6797834200,3504,82
1980800,67.06,6827665300,3447,85
2064310,60.19,5902783400,2859,87
2112479,55.290000000000006,5918469800,2802,70
2472851,66.38000000000001,9870494000,3992,113
2526210,83.19,10677286100,4227,145
2579433,76.68999999999998,11575486400,4488,148
2633348,77.62999999999998,12130252200,4606,143
2688510,85.58000000000001,12304115000,4577,143
2742982,86.77000000000001,12502013400,4558,162
2800046,78.94,12994310400,4641,160
2858964,97.24,13693981200,4790,195
2918453,81.76,15013381700,5144,186
2977595,77.80999999999999,16374393900,5499,172
3037959,91.63,18141666300,5972,185
3097138,71.89999999999999,21295984200,6876,171
3155636,73.3,25155888600,7972,186
3214513,68.29,27116635600,8436,177
3274415,64.0,29440287600,8991,151
3334191,62.730000000000004,34686224300,10403,144
3395244,55.519999999999996,40429734400,11908,135
3457387,49.309999999999995,45599994000,13189,130
3520213,55.98,49921464400,14181,147
3583382,44.89999999999999,54315722500,15158,110
3077314,39.42,2966234106,964,63
3167535,26.759999999999998,3439716562,1086,56
3261975,36.599999999999994,3778316380,1158,62
3459176,35.33,4599970618,1330,67
3560229,45.01,5695201563,1600,99
3662812,27.140000000000004,6984367763,1907,75
3972517,44.459999999999994,7870982171,1981,108
4076758,40.330000000000005,9062131308,2223,118
4181422,33.46,9788391733,2341,99
4284973,35.580000000000005,9965225497,2326,126
4388094,48.55,9024567484,2057,138
4492220,44.42,8392549702,1868,161
4598158,42.779999999999994,8195993231,1782,154
4701314,56.52,7662595076,1630,152
4809921,43.45000000000001,6325151760,1315,177
4920489,51.35000000000001,6588103836,1339,174
5027301,65.44000000000001,8033877360,1598,234
5126457,62.81,8734653809,1704,239
5223460,65.57,10646157920,2038,251
5307169,62.51000000000001,13794910634,2599,227
5382169,58.32,18504130753,3438,222
5456220,67.32999999999998,15929902138,2920,283
5534703,54.56000000000001,20030528043,3619,223
5610499,67.83,25099681461,4474,298
5695283,63.3,24595319574,4319,275
5786207,75.39000000000001,28965906502,5006,323
5877594,72.15,30881166852,5254,379
55304684,9.81,52976344929,958,347
56781569,21.97,54368083953,957,846
62772694,20.24,82344260571,1312,814
64252614,22.05,72207028767,1124,883
65740201,24.88,82995145792,1262,1043
67243482,32.21,81026300311,1205,1403
68738092,27.079999999999995,76262072468,1109,1204
70256443,28.540000000000003,81357605642,1158,1301
71781489,33.41,83908206648,1169,1544
76435755,36.66,122210716310,1599,1788
78008654,29.17,149359918060,1915,1698
79595888,33.05,174195136253,2188,1820
81193855,34.89,168334601260,2073,2074
82760992,36.96000000000001,199590775189,2412,2116
84201767,44.90999999999999,224143083707,2662,2449
35164800,172.64,65977749037,1876,4970
35396300,180.27000000000004,85500935935,2416,5316
35605400,194.43000000000004,94337050693,2650,5713
35792600,187.85000000000002,96045645026,2683,5624
35960000,185.95999999999998,110803391517,3081,5519
36104900,181.7,142137319588,3937,5499
36243300,178.20999999999998,159942880457,4413,5446
36575200,184.14999999999998,169717677901,4640,5779
36233344,191.01,171885598583,4744,5841
36295390,180.65,190521263343,5249,5855
36347498,183.26999999999995,198680637255,5466,5925
36353775,180.14999999999995,217513049292,5983,5836
36371596,187.73999999999995,255102252843,7014,6072
36371365,186.04,306125173853,8417,6045
36348232,182.85,344748646558,9485,5805
36310843,166.46999999999994,429063549984,11816,5284
36262711,177.37999999999997,533815789474,14721,5682
36223402,197.1,439796160379,12141,6477
36027791,190.64,479321460551,13304,6357
36008237,183.86,528832185770,14686,6113
36013446,192.37000000000003,500360816828,13894,6368
36023694,187.58999999999997,524234322597,14552,6218
36059630,178.3,545179584720,15119,5934
36086575,166.99,477355617456,13228,5420
9313930,164.82000000000002,27118476174,2912,983
9349248,165.52999999999997,38749715722,4145,941
9378989,171.32999999999998,48187667853,5138,960
9400481,137.74999999999997,56352797354,5995,819
9415270,130.32,60600056659,6436,747
9420814,150.21,78721607509,8356,870
9410507,165.15999999999997,89242382961,9483,942
9401557,148.3,107602689041,11445,866
9410082,125.83,95019103603,10098,780
9436009,123.82000000000001,99698453261,10566,762
9473844,128.93,118133634072,12469,809
9515960,115.77000000000001,122629812841,12887,653
9564579,102.17999999999999,117046198971,12237,628
9617110,87.05999999999999,123981736420,12892,556
9671357,89.46,127465545493,13180,545
9740085,85.88000000000001,118358489958,12152,524
9809536,115.73000000000003,121545880984,12391,761
9859832,171.82999999999998,134228697534,13614,1210
9895009,166.45999999999998,164964195260,16671,1156
10005713,143.54999999999998,240169336162,24003,1020
10030640,141.01999999999998,262007590450,26121,1038
10049918,139.7,243745748819,24254,1025
10066628,148.84,238303443425,23673,1099
10062815,127.86,244895101712,24337,1017
10029396,139.4,216368178659,21573,1076
9985074,132.73,226073492966,22641,1052
9944433,153.88999999999996,229629822122,23091,1222
3082500,154.60999999999999,20289200000,6582,269
3143200,178.23000000000002,22009300000,7002,310
3189400,143.76,24025800000,7533,272
3235600,161.68999999999997,26385800000,8155,314
3283800,169.53999999999996,28161200000,8576,327
3204000,181.58,30603919000,9552,371
3237200,184.81,32287031000,9974,355
3287900,135.30999999999997,34630430000,10533,314
3312472,151.25,36922456000,11146,345
3343624,147.27999999999994,39690630000,11871,355
3375154,120.87,42647331000,12636,289
3401823,139.81000000000003,45340835000,13328,331
3432757,99.25999999999998,48187039000,14037,273
3464834,131.07,54086400000,15610,321
3492721,117.31,57841000000,16560,289
3511947,108.26,61701800000,17569,305
3522212,106.89,69208400000,19649,289
3523951,91.59000000000002,71623500000,20325,239
3519026,96.99000000000001,74827400000,21264,262
3511462,108.95,80322313000,22874,279
3504599,105.11,83914521300,23944,289
3499036,95.30000000000001,87276164400,24943,265
3493631,93.08000000000001,89524131600,25625,271
3488811,107.08,93639316000,26840,300
3484474,124.9,96385638000,27661,330
3480379,103.84000000000002,98381268000,28267,286
3475298,90.55000000000001,100351670000,28876,258
3472672,87.1,101564800000,29247,248
3471665,90.59000000000002,102450000000,29510,241
3470956,77.09,102445800000,29515,220
3469521,85.58000000000001,103143500000,29728,226
463449,0.0,8137911978,17559,0
539483,27.300000000000004,17538461538,32510,23
697191,15.25,31734065934,45517,21
796618,18.799999999999997,44530494505,55899,17
940090,87.30000000000001,60882142857,64762,29
1115479,28.61,79712087912,71460,41
1310465,13.55,115270054945,87961,33
1506649,19.900000000000002,97798351648,64911,44
1689592,12.83,125122306346,74055,47
1854081,18.849999999999998,167775274725,90490,50
2003149,13.270000000000001,186833516484,93270,43
2135349,8.23,198727747253,93066,37
2251682,18.989999999999995,206224725275,91587,55
2354147,18.84,164641483516,69937,66
2213121,16.43,152451923077,62484,68
36716700,146.64999999999998,100273097170,2731,3689
37540400,143.31,115537126326,3078,3458
38114900,128.23999999999998,146133338196,3834,3301
38700500,114.58000000000001,196964195387,5089,2949
39171500,121.4,243526047717,6217,3023
39589500,120.53,279349355714,7056,3159
39993700,116.18000000000002,325734233313,8145,3069
40371200,127.39,350051111253,8671,3533
40754800,159.48000000000002,386302839274,9479,4124
41145300,165.4,455602962225,11073,4212
42076400,179.28000000000003,556130926913,13217,4841
42507100,216.98999999999998,598099073901,14071,5857
42956100,226.79999999999998,557503074772,12978,6024
43395700,302.32,374241351752,8624,8569
43817300,257.52000000000004,485248229337,11074,7075
44271743,248.59,561633125840,12686,6444
44710865,273.54,533052076314,11922,6911
45110041,361.04,609020054512,13501,8611
45455888,454.11999999999995,680520724062,14971,10898
45779970,469.69999999999993,764880644711,16708,11492
46151884,479.03999999999996,898137194716,19460,12011
46513964,420.46,1011797457139,21753,10653
46814207,466.5400000000001,1122679154632,23982,12174
47101747,452.2800000000001,1002219052968,21278,12858
47380017,519.5200000000001,901934953365,19036,15402
47598615,518.2,1094499338703,22994,15558
47798017,515.05,1202463682634,25157,15906
48020985,443.25999999999993,1222807284485,25464,14159
48248224,428.57,1305604981272,27060,14426
48465917,385.3299999999999,1411333926201,29120,13834
48671752,389.14000000000004,1382764027114,28410,13510
21344500,157.77000000000004,42105263158,1973,2529
21401900,125.91999999999999,38995454545,1822,2079
21458000,133.38,28998684211,1351,2161
21227100,164.18,25121666667,1183,2650
21307600,162.07,26362894737,1237,2774
21386000,172.78000000000003,30074440483,1406,2887
21451300,156.18,37662075750,1756,2793
21397300,159.98000000000002,37182938696,1738,2828
21369000,161.6,35838588170,1677,2859
21338400,161.28999999999996,41976002704,1967,2838
21310800,158.27,36183003978,1698,2736
21290400,159.19000000000003,37438527800,1758,2836
21272887,149.10999999999999,40716836998,1914,2720
20700580,173.6,46174557556,2231,3067
20656841,159.70999999999998,59867801205,2898,2894
20610767,151.19,76216441462,3698,2720
20569960,146.01,99697566668,4847,2603
20526561,149.09,123533036668,6018,2721
20475026,136.05999999999997,175933642292,8593,2430
20433803,140.4,213605065703,10454,2472
20390882,144.01999999999998,172611845342,8465,2586
20348649,150.04000000000002,166658327827,8190,2766
20291701,138.78,184367381749,9086,2536
19041594,142.03,171664638717,9015,2495
19003345,137.99,191549024911,10080,2407
18952235,131.02999999999997,199493490983,10526,2209
18863927,133.54999999999998,177911101680,9431,2228
16644905,116.33000000000001,187805922349,10020,1953
135443800,398.82,506500173960,3740,37921
136398200,399.17,516814274022,3789,39028
137283000,396.3999999999999,517962962963,3773,39281
138118900,437.47999999999996,460290556901,3333,45923
137692800,522.0600000000001,435083713851,3160,55846
138476200,567.64,395077301248,2853,61420
139087100,547.38,395531066563,2844,60548
139272600,526.2800000000001,391719993757,2813,57511
139283200,508.09,404926534140,2907,54746
139122100,474.73999999999995,270953116950,1948,51518
138717800,510.13,195905767669,1412,56974
138205695,504.46999999999997,259708496267,1879,56619
137521509,504.65000000000003,306602673980,2229,56958
136590900,488.54999999999995,345110438692,2527,55024
137019868,468.9100000000001,430347770732,3141,51445
137071699,447.61,591016690743,4312,49096
136162191,420.3399999999999,764017107992,5611,45802
135357462,401.31,989930542279,7313,42614
134778964,386.99000000000007,1299705247686,9643,41149
134385949,366.8,1660844408500,12359,38211
134085433,352.8,1222643696992,9118,37408
134865987,319.21,1524916112079,11307,33356
134745874,299.68,2051661732060,15226,31038
134668522,285.51000000000005,2210256976945,16413,29643
134713962,273.96999999999997,2297128039058,17052,28690
134713962,259.21999999999997,2063662665172,15319,26541
137018943,236.91999999999996,1368400705491,9987,25432
39100,0.0,208740444,5339,0
39100,0.0,209880963,5368,0
39100,0.0,229434519,5868,0
110000,59.95,289689704,2634,5
111300,141.42000000000002,319998987,2875,11
113000,182.20999999999995,366541091,3244,10
118566,88.91000000000001,415518112,3505,8
120537,26.919999999999998,483962431,4015,3
122496,104.09,513753818,4194,6
124223,98.11,566894749,4564,11
125846,75.28,574870405,4568,8
127557,45.8,600005564,4704,6
129466,81.71000000000001,640449501,4947,10
131621,61.03000000000001,662196185,5031,7
133967,117.53999999999999,676949594,5053,9
136400,119.03,737554872,5407,8
138813,74.94,775934813,5590,8
141100,197.85999999999999,784159229,5557,14
143166,59.08,743808076,5195,7
145168,187.52000000000004,748346606,5155,12
147127,133.26000000000002,823837141,5599,10
149121,66.17,893107211,5989,8
151169,24.82,951207366,6292,4
153460,17.83,1134193630,7391,2
157876,0.0,1282215407,8122,0
159820,82.32,1262973407,7902,13
161503,30.31,1381968259,8557,4
162892,53.32,1437684815,8826,8
163940,85.03,1436803333,8764,10
164790,114.10000000000002,1489928889,9041,14
165596,91.56,1551921037,9372,14
89800,32.79,145641704,1622,2
90800,0.0,160846667,1771,0
92036,0.0,175580630,1908,0
94141,72.06,240365259,2553,5
95974,85.41,316008481,3293,7
96095,85.06,331489704,3450,8
96255,30.019999999999996,347770000,3613,3
96449,194.42000000000002,373619852,3874,10
96685,65.80000000000001,390719148,4041,6
96956,44.11,396270000,4087,5
97341,160.66000000000003,430040370,4418,8
97799,202.92999999999998,461883444,4723,7
98292,50.91,481806296,4902,4
98740,46.459999999999994,521975111,5286,4
99118,72.11,550728667,5556,8
99463,122.06999999999998,610930037,6142,6
99689,102.39,651833333,6539,11
99826,40.28999999999999,695428852,6966,4
99927,11.18,674922481,6754,1
100050,54.83,681225963,6809,5
100037,46.980000000000004,676129407,6759,5
100167,97.29,692933741,6918,10
100398,0.0,721207148,7183,0
100676,80.78,725185185,7203,2
100948,28.080000000000002,756666667,7496,3
25192,64.35000000000001,1215640315,48255,2
25369,47.26,1101897918,43435,1
28264,34.01,1958711603,69301,1
7179002,307.05,18284194680,2547,1460
7162831,344.72999999999996,18409364147,2570,1571
7149140,324.16,6540247190,915,1543
7142410,297.0,12267175481,1718,1442
7138113,295.91,16116843146,2258,1446
7111975,271.27,21188704081,2979,1378
7086364,262.50999999999993,24861483281,3508,1345
7058982,286.31999999999994,26252007830,3719,1437
7031811,286.06999999999994,30607991862,4353,1443
7009610,258.45,40289556656,5748,1353
6988532,242.60999999999999,49259526053,7049,1289
6968240,258.43000000000006,42616653300,6116,1373
6944871,234.48000000000002,39460357731,5682,1207
6900027,243.45,46466728667,6734,1256
6867174,234.53,40742313861,5933,1243
6832840,217.73,45519650911,6662,1197
6801810,216.78,44210806366,6500,1134
6766406,205.97,37160332465,5492,1062
57300,156.18000000000004,168887539,2947,8
57400,23.26,207850624,3621,1
58300,60.72,249267040,4276,3
75363,87.57000000000001,622262057,8257,6
76904,154.12,697518248,9070,5
78402,100.0,705704816,9001,8
79735,63.27000000000001,839319927,10526,6
80900,71.5,919103255,11361,5
81691,275.75,1016418229,12442,8
82331,147.64,1033561654,12554,6
82900,39.07,967199594,11667,4
83429,43.81,847397850,10157,4
83885,51.989999999999995,969936525,11563,6
80717,51.34,1065826670,13204,5
81224,33.5,1059498884,13044,3
82541,131.4,1328091524,16090,9
83845,43.33,1342997306,16018,4
85949,81.25,1375604279,16005,7
2350500,353.36000000000007,19138296376,8142,324
2379300,324.61,18569292305,7805,326
2407800,273.56,20897630201,8679,301
2393400,360.19,25337226971,10586,366
2431100,354.11,30423573842,12514,394
2511800,272.03,36152027893,14393,354
2559300,229.38,45474442836,17768,296
2604000,205.42,52156414979,20029,277
2655800,235.14000000000004,60644572348,22835,270
2712200,246.85000000000005,73777792327,27202,316
2765300,282.76,87890009877,31783,364
2823100,208.93999999999997,96403758865,34148,239
2880000,206.64999999999998,100163995151,34779,303
2940200,215.35999999999999,85707636233,29150,328
2997100,166.45000000000005,86283126844,28789,277
3047600,164.33999999999997,95833932715,31446,309
3103000,167.80000000000004,89286208629,28774,305
3165200,172.39000000000001,91941192896,29048,321
3226200,172.73999999999998,97001377569,30067,320
3281400,167.47999999999996,114188557567,34799,335
3342400,180.33,127417688056,38122,359
3411900,148.74999999999997,147797218201,43318,372
3389600,165.76000000000002,179981288567,53098,328
3448900,150.25,192225881688,55735,319
3536100,149.58,192408387762,54413,349
3576800,129.23000000000002,236421782178,66099,296
3600900,116.96,275966926379,76638,308
3631600,141.61999999999998,290673681684,80040,392
3661456,137.87,304454327499,83151,357
3689370,131.78,311539499645,84442,355
3719115,109.28999999999998,304097759674,81766,329
4909228,214.23000000000002,15431288006,3143,796
4935260,195.33999999999997,16452201101,3334,738
4974858,185.04000000000005,20079363626,4036,691
5005232,198.69999999999993,25733043137,5141,735
5032436,174.50000000000006,27821913815,5529,672
5058389,164.10000000000002,27660149541,5468,630
5081100,161.84,29828899206,5871,673
5098200,172.08,30415095887,5966,692
5111813,180.08,29114875622,5696,729
5100256,171.88,30703017450,6020,692
5107584,191.77,35083608131,6869,717
5113982,169.16000000000003,46731767494,9138,753
5121210,150.89999999999998,57240535138,11177,676
5126946,165.37,62697540107,12229,679
5129369,0.0,70596729394,13763,0
5132660,0.0,86304245825,16815,0
5137067,134.20000000000002,100324627215,19530,591
5141744,139.08,88945625174,17299,601
5147562,143.68,89501012916,17387,631
5116922,129.48000000000002,93413992956,18256,571
5122209,143.90999999999997,98478349315,19226,616
5129686,132.82000000000002,100948236941,19679,554
1884000,393.87000000000006,21273055398,11291,564
1893100,421.1099999999999,21480023017,11346,607
1883900,410.09999999999997,20749140606,11014,593
1880300,413.59999999999997,22125435372,11767,612
1884400,393.35999999999996,22689994990,12041,590
1886483,404.12000000000006,20342201356,10783,588
1901330,423.4,20875387068,10979,581
1906124,354.3,23563576758,12362,540
1907589,376.56000000000006,29697448108,15568,562
1907862,298.4799999999999,34470227454,18067,512
1911817,337.41,36346974008,19012,503
1918570,347.87,39587732029,20634,529
1927332,291.44999999999993,48114688201,24964,434
1943758,263.09,55589849128,28599,408
1942037,268.71000000000004,50244793832,25872,447
1944774,265.59,48013606745,24689,414
1944561,281.65999999999997,51290792018,26377,435
1945988,279.74,46352802766,23820,440
1948276,283.0199999999999,48116256926,24697,446
1951786,240.36999999999998,49904928335,25569,388
1954632,264.81,43072415017,22036,422
37773652,8.03,147607982695,3908,143
38528157,4.95,152586154514,3960,104
39232468,7.699999999999999,137774361015,3512,180
39907560,10.87,136631966609,3424,279
40568559,9.54,136361854808,3361,267
41185599,12.43,121600818310,2953,384
41803868,6.9799999999999995,115748110113,2769,236
42415309,9.240000000000002,175256916996,4132,256
43005874,12.63,228937347866,5323,383
43566107,15.29,257671413751,5914,458
44079057,17.919999999999998,271811088781,6166,514
44577435,12.12,299033511000,6708,417
43680586,14.139999999999999,287099991517,6573,441
45607048,10.709999999999999,297216730669,6517,372
46176200,13.09,375298134440,8128,393
46806739,9.309999999999999,416878162441,8906,358
47484256,13.56,396332702639,8347,487
48192699,14.9,366829390479,7612,587
48912129,15.079999999999998,350904575292,7174,580
49627460,13.000000000000002,317741039198,6403,482
35997000,114.93,180302412231,5009,2514
36223000,119.83000000000001,250638463467,6919,2755
36425700,122.13999999999999,317882187037,8727,2804
36597300,127.28,375138723325,10250,2960
36740400,126.49,413630538018,11258,2987
36861400,129.24,535101248776,14517,2939
36958100,121.84000000000002,575598537070,15574,2916
37000900,119.00999999999998,629202392004,17005,2786
37122100,120.85,523649481762,14106,3037
37203100,124.32000000000001,529121577320,14223,3171
37275300,123.81,612939685081,16444,3157
37341200,126.53,640998292395,17166,3320
37405000,131.32,588692045455,15738,3373
37458900,124.04,617041986858,16473,3261
37789271,119.08,633194118900,16756,3220
38319996,122.21000000000002,595402616547,15538,3394
38713504,112.4,625975838926,16169,3189
39340611,115.64,705145868624,17924,3372
39947556,116.48999999999997,906853273138,22701,3478
40555823,112.63000000000001,1069555500372,26372,3508
41195479,107.66,1157276458152,28092,3399
41808848,99.86999999999999,1264551499185,30246,3247
42547327,98.94999999999997,1479341637011,34769,3264
43199484,98.51999999999998,1635015380108,37848,3457
43490086,98.01999999999998,1499099749931,34470,3429
43595356,87.44,1431616749640,32839,3158
43642571,88.58999999999999,1488067258325,34097,3180
44318859,96.88,1336018949806,30146,3539
44227625,101.31999999999998,1361854206549,30792,3873
44172771,104.35000000000002,1376910811041,31171,3911
44186528,97.38000000000002,1197789902774,27108,3604
13857000,558.7200000000001,5978460972,431,5668
14101400,529.8000000000002,6405210564,454,5345
16654427,395.71000000000004,13897738375,834,4898
16775409,472.09999999999997,15091913884,900,5887
16897691,451.15000000000003,15794972847,935,5518
17020287,445.23999999999995,15656327860,920,5619
17140342,427.2900000000001,16330814180,953,5252
17266961,358.06,15749753805,912,4590
17395955,339.41,16536535647,951,4382
17524596,352.75000000000006,18881765437,1077,4467
17891558,328.7300000000001,28267410543,1580,4015
322700,470.84000000000003,873250000,2706,80
326294,211.99,891000000,2731,42
332013,251.69999999999996,979850000,2951,52
339611,209.72000000000006,1160900000,3418,49
347723,212.11999999999998,542520000,1560,53
348700,214.09,388300000,1114,26
363079,215.46,448300000,1235,57
370194,137.96,404600000,1093,48
389414,182.52,693970588,1782,55
395805,84.27000000000001,860630923,2174,21
401814,115.69,929607500,2314,32
407606,101.95,945000000,2318,29
413303,216.70000000000002,885444186,2142,49
419001,127.92999999999999,892164394,2129,52
424515,218.09,763465550,1798,72
430176,214.23000000000002,1078402128,2507,69
435946,245.99999999999997,1271196078,2916,77
441717,202.10000000000002,1484092538,3360,67
447445,211.17,1793754805,4009,72
453293,298.26,2626380435,5794,112
459086,356.14000000000004,2936612022,6397,119
464789,416.81999999999994,3532969035,7601,147
470448,369.71000000000004,3875409836,8238,131
476052,425.3,4368398048,9176,136
481521,353.31000000000006,4422276622,9184,127
486964,454.11,4980000000,10227,133
492359,286.79999999999995,5145757576,10451,131
497701,357.34,5240606061,10530,128
7909000,230.91,180429286796,22813,1541
7930900,231.67,204068257818,25731,1590
7964800,238.33999999999995,214875344910,26978,1579
8005700,222.05000000000004,258154283909,32246,1471
8041100,217.54000000000002,270362531377,33623,1483
8073200,200.77999999999997,280312318915,34721,1355
8112500,200.97000000000003,209950792713,25880,1373
8174100,195.69000000000003,226079963712,27658,1324
8233000,191.72,264051981551,32072,1348
8274300,178.24000000000004,288103936773,34819,1253
8311300,167.19000000000003,264477727279,31821,1201
8346300,175.8,266800462899,31966,1231
8378013,172.64,270847937645,32328,1220
8409008,162.50000000000003,259802012617,30896,1131
8439317,167.49000000000004,239917320967,28429,1197
8465828,162.71,263926220333,31175,1180
8490539,153.41,331108912605,38997,1112
8514314,157.41000000000003,381705425302,44831,1155
8538624,164.61999999999995,389042298377,45563,1219
8576044,160.76,420032121656,48977,1197
8629159,147.38999999999996,487816328342,56531,1126
8688504,155.68,513965650650,59155,1170
8755922,160.4,429657033108,49070,1242
8823125,146.54000000000002,488377689565,55352,1141
8884644,141.77,563109663291,63380,1112
8948909,148.10999999999999,543880647757,60776,1154
9024081,158.20000000000005,578742001488,64133,1230
9114524,149.04999999999998,573817719109,62956,1148
9114524,149.29999999999998,497918109302,54629,1182
8125852,138.84000000000003,514459972806,55594,1130
6617500,283.07000000000005,342617007104,51774,1419
6652200,279.89,330091688350,49621,1432
6675200,266.77,286519135327,42923,1341
6725167,273.41999999999996,295045152021,43872,1371
6764328,251.98,289912492345,42859,1296
6809589,266.2,272055499941,39952,1380
6865842,261.69,278631271391,40582,1338
6942010,273.70000000000005,301416810214,43419,1446
6969293,242.66000000000003,352914820747,50639,1269
7023166,242.27000000000004,394163688621,56123,1284
7071991,246.19,408689353999,57790,1299
7118477,241.62999999999997,430921192375,60536,1309
7183595,255.81,479913034322,66807,1360
7274875,237.51,554363487120,76202,1314
7364558,180.12999999999997,541506500414,73529,1105
7439147,160.52000000000004,583782977866,78474,1006
7518040,168.21999999999997,699579638638,93053,1034
7595591,165.38999999999996,668043614123,87951,1038
7681318,170.26000000000002,688504173431,89634,1071
7809621,162.10000000000002,709182559935,90809,1032
7892502,164.66,679289166858,86068,1073
46303443,82.54,38900692712,840,2982
47331465,71.91000000000001,43096746122,911,2798
48376410,81.82,50535438696,1045,3035
51228668,95.91999999999999,85343063966,1666,3753
51947693,86.46,98234695722,1891,3559
52570440,83.1,111452869378,2120,3550
52691000,56.27000000000001,146683499006,2784,2307
54366057,93.52000000000001,169278552851,3114,4245
55070703,93.05,183035154107,3324,4443
55859088,86.37,150180268649,2689,4150
56691783,99.55999999999999,113675706127,2005,4963
57507860,109.03,126668932160,2203,5276
58262135,106.10000000000001,126392308498,2169,5182
58263389,103.11999999999999,134300851255,2305,4902
60158951,91.16,152280653544,2531,4484
60686373,86.06,172895476153,2849,4296
61182665,77.99,189318499954,3094,3937
61636512,69.04000000000002,221758486880,3598,3608
58941621,79.14000000000001,262942650544,4461,3754
59216773,78.17999999999999,291383081232,4921,3778
59483718,78.56,281710095725,4736,3787
59769764,80.49999999999999,341105009515,5707,3761
60261832,77.59000000000002,370818747397,6153,3873
60382255,80.68999999999997,397558094270,6584,3985
60766487,79.56000000000002,420333333333,6917,3961
61139919,76.96000000000001,407339361696,6662,3952
61261276,81.15000000000002,401399422443,6552,4205
53442001,77.32,411755164833,6713,4117
1008000,30.17,7375918367,7317,29
1061600,123.13,4794444444,4516,104
1078300,155.54000000000002,4797777778,4449,119
1095600,228.74999999999997,4496852073,4104,164
1070000,198.16,4323058824,4040,173
1088500,186.38000000000005,5068000000,4656,170
1102000,153.53999999999996,5307905882,4817,148
1132600,194.39000000000001,5439552941,4803,163
1148300,161.52999999999997,4669488516,4066,174
1162900,159.4,4947205860,4254,148
1149173,242.93,5329214163,4637,184
1156185,196.35999999999999,5759537726,4982,146
1162267,189.39000000000001,5737751332,4937,160
1167924,196.04000000000002,6043694330,5175,171
1173276,145.32,6808982521,5803,139
1178363,198.31999999999996,8154338233,6920,166
1183354,205.32999999999998,8824873259,7458,179
1188800,159.01,9008273721,7578,156
1194458,158.24999999999997,11305459802,9465,144
1200116,188.28000000000003,13280275123,11066,168
1205471,144.14000000000001,15982282462,13258,136
1209301,133.89000000000001,18369070085,15190,141
1213988,143.58,21642304046,17827,131
1219336,178.25,27870257894,22857,199
1225097,120.24000000000001,19175196446,15652,128
1231002,150.50000000000003,22157948396,18000,160
1237186,138.69000000000003,25433011405,20557,139
65962419,21.29,644639902581,9773,1050
66975131,31.69,771901768698,11525,1524
68034357,23.07,832523681194,12237,1148
68976439,28.4,873982246102,12671,1450
69880352,35.42,950579413279,13603,1810
70931420,30.830000000000005,934185915467,13170,1617
71880464,28.470000000000002,859796872794,11961,1532
2859100,173.60999999999999,2331358820,815,272
2926300,162.45,3010982414,1029,270
2999000,135.33000000000004,3006988217,1003,253
3079800,172.01,3189539641,1036,298
3162500,126.94000000000001,3208098919,1014,273
3252900,111.85,3200539816,984,271
3331100,115.42999999999999,3179225949,954,240
3423100,116.91999999999999,2561118608,748,234
3818200,90.44000000000001,2482228440,650,244
3913000,103.64000000000001,2379281768,608,283
4006400,100.97,2450084970,612,333
4099200,136.50000000000003,2605688065,636,405
3958754,145.06,2450686660,619,442
4026478,112.13,2904662605,721,383
4095981,133.46,3534803922,863,445
4143692,115.43,4461978499,1077,416
4177740,107.02000000000002,5977560877,1431,377
4211000,112.79999999999998,6838351088,1624,392
4252530,134.19000000000003,8104355717,1906,468
4287650,143.84,10277598152,2397,506
4342657,96.69000000000001,12664165103,2916,354
4412135,117.58000000000001,19271523179,4368,484
4484467,42.54,20214385965,4508,165
4551185,45.74999999999999,22583157895,4962,178
4626095,31.630000000000006,29233333333,6319,130
4690058,30.6,35164210526,7498,138
4748055,23.289999999999996,39197543860,8255,101
4811227,28.15,43524210526,9046,136
4886514,28.480000000000008,35799628571,7326,133
47374200,294.03999999999996,64087694038,1353,10050
47549900,286.72,74703517903,1571,9751
47761700,316.32,82709161099,1732,10887
47971600,296.70000000000005,81456918679,1698,10645
48200600,297.91,77464561150,1607,10700
48487300,322.49000000000007,73942235330,1525,11666
48680500,352.11,65648559903,1349,12469
48619000,384.29,52549555149,1081,13826
48415300,396.66999999999996,48213868178,996,14541
48174500,403.41999999999996,44558077827,925,15160
47923000,395.67,50150399792,1046,14903
47675400,390.15,41883241472,879,14789
47415400,376.06,31580639045,666,14363
47125400,377.19000000000005,31261527363,663,14467
46805969,348.14,38009344577,812,13131
46060017,344.04999999999995,42392896031,920,12536
45697383,337.0700000000001,50132953288,1097,12313
45322826,307.05,64883060726,1432,11256
44939270,297.18,86142018069,1917,10621
44560034,282.78999999999996,107753069307,2418,10013
44198672,281.12,142719009901,3229,10032
43856123,274.5,179992405832,4104,9454
43557944,279.25999999999993,117227769792,2691,9715
43296809,263.07000000000005,136013155905,3141,9089
43074791,263.99999999999994,163159671670,3788,8973
42915935,268.4700000000001,175781379051,4096,9058
40464165,250.5,133503411376,3299,7968
40345446,244.72,91030959455,2256,7574
4280433,16.05,180617018380,42196,96
4923879,16.55,222116541865,45110,90
5695389,15.99,257916133424,45285,101
6510358,11.86,315474615739,48457,100
7252480,11.730000000000002,253547358747,34960,124
7839736,22.71,289787338325,36964,111
53006535,116.45,489285164271,9231,5105
53119533,112.01,601452653181,11323,4839
53239668,103.81,745162608269,13996,4594
53310780,114.55,910122732124,17072,4971
53425129,99.19000000000001,926884816754,17349,4361
53557854,103.34000000000002,1093169389205,20411,4643
53903427,98.80000000000001,1142797178131,21201,4547
54076358,98.75,1179659529660,21815,4628
54283982,96.85,1061388722256,19553,4462
54497293,94.76000000000002,1140489745944,20927,4380
54746964,92.34,1335218557677,24389,4315
55012207,88.32000000000001,1408781591264,25609,4165
55266635,88.77999999999999,1552483628029,28091,4143
55527379,90.76,1638511096390,29508,4389
55833339,92.44000000000001,1665623685488,29832,4448
56133909,87.33,1647951278560,29358,4290
55571993,85.14,1621510004318,29179,4128
55908944,82.71,1768408273381,31630,4117
56171771,80.14999999999999,2038395102041,36289,3979
56455011,82.72,2398555474185,42486,4183
56809024,79.15999999999998,2520701818182,44372,4047
57091129,78.17,2692612695492,47163,4122
57382757,74.92,3074359743898,53576,3897
57683372,80.71000000000001,2890564338235,50111,4259
58013559,78.00000000000001,2382825985356,41074,4246
58403529,77.41000000000001,2441173394730,41798,4188
58881852,78.28999999999999,2619700404733,44491,4393
59708630,79.47,2662085168499,44585,4444
60091793,84.91999999999999,2739818680930,45594,4824
60570482,83.92999999999999,3022827781881,49906,4788
61082942,86.74,2885570309161,47240,4910
220723000,184.72000000000006,4346734000000,19693,29446
222953000,191.65000000000003,4590155000000,20588,30892
225148000,191.65999999999997,4870217000000,21631,30783
227353000,187.71000000000004,5252629000000,23103,30388
229487000,182.44,5657693000000,24654,30218
229952200,187.80000000000004,5979589000000,26004,30895
232955000,183.76999999999998,6174043000000,26503,30790
235565600,177.77,6539299000000,27760,30471
238092300,179.11999999999998,6878718000000,28891,31084
240614100,176.03000000000003,7308755000000,30375,31123
243164200,173.09000000000003,7664060000000,31518,31272
245997800,166.44999999999996,8100201000000,32928,30879
248486400,161.95999999999998,8608515000000,34644,30517
251332500,160.50999999999996,9089168000000,36164,30558
253748671,150.77000000000004,9660624000000,38072,29183
262246108,146.57999999999998,10284779000000,39218,29343
265427546,148.21999999999997,10621824000000,40018,30607
268759559,150.01999999999998,10977514000000,40845,31645
271041510,145.64,11510670000000,42468,31477
273584136,146.90000000000003,12274928000000,44867,32428
276106680,146.68,13093726000000,47423,32629
278980848,145.13000000000002,13855888000000,49666,33292
280658606,149.12,14477635000000,51585,34596
282355565,153.24,14718582000000,52128,36030
285162662,154.19,14418739000000,50563,36900
287839149,158.89000000000001,14964372000000,51989,38362
290313825,162.35999999999999,15517926000000,53452,39508
292827128,165.14,16155255000000,55170,40596
295322862,166.67,16691517000000,56520,41143
297749735,171.33000000000004,17427609000000,58531,42769
300078511,175.40999999999997,18120714000000,60387,44189
2737400,178.61000000000004,4732017873,1729,287
2757600,172.46999999999997,5880112788,2132,262
2778900,164.43,7367494080,2651,258
2799600,164.46,8213515459,2934,268
2820700,196.45999999999998,8438951476,2992,344
2834000,180.67,9298839655,3281,315
2896228,223.02,15002106518,5180,418
2920296,214.0,17474647792,5984,406
2943816,237.94,19297663097,6555,427
2967278,187.92999999999998,20515543039,6914,393
2991662,233.91,23969823010,8012,456
3014887,264.08,25385928198,8420,521
3034833,243.62000000000003,23983945191,7903,450
3050169,274.27000000000004,22823255802,7483,555
3061024,236.12,20898788417,6827,499
3065257,331.69,13606494599,4439,675
3065772,259.25000000000006,12045631093,3929,535
3066489,258.49,13686329890,4463,520
3070178,241.31000000000003,17362857684,5655,498
3077445,248.10999999999999,19579457966,6362,528
3087957,266.31,23410572634,7581,576
3100791,234.53,30366213119,9793,523
3114306,237.75,31660911277,10166,511
3127306,257.43,40284481652,12882,547
3151939,264.34999999999997,51264390116,16264,599
3164670,249.09,57531233351,18179,546
3177645,248.63999999999993,57236013086,18012,591
3190795,270.02000000000004,53274304222,16696,630
17165700,129.35999999999999,13360607918,778,1459
17347800,124.17999999999999,13677622222,788,1393
18257000,111.28999999999999,12941297376,709,1344
18509300,111.76,13099013836,708,1355
19144700,110.85,12899156991,674,1419
19599000,111.3,13350468917,681,1485
19854500,125.05999999999999,13948892216,703,1699
20364300,110.58,14744603774,724,1554
20861200,108.3,14988971211,719,1620
21329916,113.32999999999998,17078465982,801,1795
21789067,120.31,13760374488,632,1919
22231527,115.92,11401351420,513,1914
22632256,95.28,9687951055,428,1576
22982883,82.05999999999999,10128112401,441,1416
23300841,68.03999999999999,12030023548,516,1251
23600347,67.80999999999999,14307509839,606,1221
25288102,60.86,33689223673,1332,1399
25651783,63.23000000000001,39332770929,1533,1464
25978049,67.14,45915191189,1767,1640
26381830,77.53000000000003,51821573338,1964,1835
26838924,78.85999999999999,57690453461,2150,1950
27313507,85.11999999999999,63067077179,2309,2095
